-- phpMyAdmin SQL Dump
-- version 4.7.4
-- https://www.phpmyadmin.net/
--
-- Host: 127.0.0.1
-- Generation Time: Mar 23, 2018 at 07:19 PM
-- Server version: 10.1.30-MariaDB
-- PHP Version: 7.2.1

SET SQL_MODE = "NO_AUTO_VALUE_ON_ZERO";
SET AUTOCOMMIT = 0;
START TRANSACTION;
SET time_zone = "+00:00";


/*!40101 SET @OLD_CHARACTER_SET_CLIENT=@@CHARACTER_SET_CLIENT */;
/*!40101 SET @OLD_CHARACTER_SET_RESULTS=@@CHARACTER_SET_RESULTS */;
/*!40101 SET @OLD_COLLATION_CONNECTION=@@COLLATION_CONNECTION */;
/*!40101 SET NAMES utf8mb4 */;

--
-- Database: `eapi`
--

-- --------------------------------------------------------

--
-- Table structure for table `migrations`
--

CREATE TABLE `migrations` (
  `id` int(10) UNSIGNED NOT NULL,
  `migration` varchar(191) COLLATE utf8mb4_unicode_ci NOT NULL,
  `batch` int(11) NOT NULL
) ENGINE=InnoDB DEFAULT CHARSET=utf8mb4 COLLATE=utf8mb4_unicode_ci;

--
-- Dumping data for table `migrations`
--

INSERT INTO `migrations` (`id`, `migration`, `batch`) VALUES
(5, '2014_10_12_000000_create_users_table', 1),
(6, '2014_10_12_100000_create_password_resets_table', 1),
(7, '2018_03_23_162127_create_products_table', 1),
(8, '2018_03_23_162557_create_reviews_table', 1);

-- --------------------------------------------------------

--
-- Table structure for table `password_resets`
--

CREATE TABLE `password_resets` (
  `email` varchar(191) COLLATE utf8mb4_unicode_ci NOT NULL,
  `token` varchar(191) COLLATE utf8mb4_unicode_ci NOT NULL,
  `created_at` timestamp NULL DEFAULT NULL
) ENGINE=InnoDB DEFAULT CHARSET=utf8mb4 COLLATE=utf8mb4_unicode_ci;

-- --------------------------------------------------------

--
-- Table structure for table `products`
--

CREATE TABLE `products` (
  `id` int(10) UNSIGNED NOT NULL,
  `name` varchar(191) COLLATE utf8mb4_unicode_ci NOT NULL,
  `detail` text COLLATE utf8mb4_unicode_ci NOT NULL,
  `price` int(11) NOT NULL,
  `stock` int(11) NOT NULL,
  `discount` int(11) NOT NULL,
  `created_at` timestamp NULL DEFAULT NULL,
  `updated_at` timestamp NULL DEFAULT NULL
) ENGINE=InnoDB DEFAULT CHARSET=utf8mb4 COLLATE=utf8mb4_unicode_ci;

--
-- Dumping data for table `products`
--

INSERT INTO `products` (`id`, `name`, `detail`, `price`, `stock`, `discount`, `created_at`, `updated_at`) VALUES
(1, 'maxime', 'Corporis nostrum doloremque odio earum modi. Nostrum ut modi asperiores facilis ea. Corporis et rerum dolor vel eius.', 362, 4, 10, '2018-03-23 16:13:44', '2018-03-23 16:13:44'),
(2, 'impedit', 'Sit ab accusamus ullam voluptas autem. In eum et explicabo aperiam. Vel et aut maiores sapiente non labore impedit. Beatae molestias voluptatem consequatur natus animi.', 388, 0, 15, '2018-03-23 16:13:44', '2018-03-23 16:13:44'),
(3, 'fugit', 'Ut eum dicta corrupti modi in enim. Quasi voluptas aut est deleniti quae alias blanditiis. Est minima iste est porro.', 225, 5, 13, '2018-03-23 16:13:44', '2018-03-23 16:13:44'),
(4, 'est', 'Sint quia officiis hic. Quia et ducimus non esse deleniti laboriosam necessitatibus.', 988, 0, 11, '2018-03-23 16:13:44', '2018-03-23 16:13:44'),
(5, 'deleniti', 'Perspiciatis et sequi eius suscipit. Debitis repellat quisquam debitis nam et. Quo omnis et repellendus vero temporibus.', 868, 5, 8, '2018-03-23 16:13:44', '2018-03-23 16:13:44'),
(6, 'qui', 'Ad quia dolorum vel veniam aut. Inventore repellendus ut veniam accusamus eum iste. Soluta et sint ullam tempore laborum iste exercitationem. Repudiandae eligendi quidem ipsum quia autem doloribus.', 773, 5, 9, '2018-03-23 16:13:44', '2018-03-23 16:13:44'),
(7, 'non', 'Voluptatem nemo assumenda reprehenderit perferendis nemo. Quisquam consequatur vel eum veritatis omnis ut. Rem pariatur et voluptatum et est. Omnis quis amet corrupti quae.', 483, 3, 25, '2018-03-23 16:13:44', '2018-03-23 16:13:44'),
(8, 'voluptatum', 'Consequatur repellat est nihil velit non qui sunt. Adipisci ducimus asperiores rerum dolor aut dolor. Tempora officiis aperiam qui doloremque velit cumque non. Necessitatibus non et est ipsam ut.', 718, 1, 28, '2018-03-23 16:13:44', '2018-03-23 16:13:44'),
(9, 'dolores', 'Voluptatem qui beatae et ut mollitia ut est. Hic velit maiores ut sapiente modi rerum ut. Nemo modi sed non. Fugiat quia quo dolorem numquam quia et corporis.', 562, 7, 27, '2018-03-23 16:13:44', '2018-03-23 16:13:44'),
(10, 'dolore', 'Ipsum qui maxime ut qui ad commodi qui. Quia tenetur quia dolores in qui ut nostrum. Quaerat tempora error officia. Expedita inventore omnis quos repudiandae quod.', 963, 5, 16, '2018-03-23 16:13:44', '2018-03-23 16:13:44'),
(11, 'provident', 'Rerum adipisci blanditiis quisquam eos qui autem quas. Architecto consequatur aperiam sint. Eligendi doloremque sit labore voluptas dolorem qui.', 568, 0, 29, '2018-03-23 16:13:44', '2018-03-23 16:13:44'),
(12, 'totam', 'Et a quas nam nesciunt. Omnis voluptatem debitis illo enim hic. Perferendis debitis placeat explicabo quo similique. Quia qui eos ea.', 563, 6, 4, '2018-03-23 16:13:44', '2018-03-23 16:13:44'),
(13, 'numquam', 'Ut id vitae excepturi. Officia consectetur praesentium mollitia. In in fugit minus facere debitis repudiandae velit.', 707, 2, 10, '2018-03-23 16:13:44', '2018-03-23 16:13:44'),
(14, 'eum', 'Iure nostrum nam est et sequi ut. Non et tempora optio et laboriosam aliquid. Blanditiis ut dolorem mollitia velit in quod libero. Neque rerum voluptas soluta et molestiae quia inventore.', 352, 4, 2, '2018-03-23 16:13:45', '2018-03-23 16:13:45'),
(15, 'ducimus', 'Possimus dolorum eum eos praesentium culpa. Voluptatem eius sunt voluptas sit facere ea eos. Enim quis voluptatibus nulla aut. Magni rerum et laboriosam pariatur dolore.', 622, 0, 10, '2018-03-23 16:13:45', '2018-03-23 16:13:45'),
(16, 'consequatur', 'In beatae dolorem quam enim. Reiciendis et architecto reiciendis voluptatibus. Cumque voluptatem nesciunt a et eaque veritatis fuga.', 970, 2, 2, '2018-03-23 16:13:45', '2018-03-23 16:13:45'),
(17, 'debitis', 'Voluptatem facilis consectetur animi atque qui nostrum ratione culpa. Odio commodi commodi porro nisi modi. Perferendis ex ex autem culpa sapiente. Et voluptatem voluptatum perferendis id harum at quia quae.', 791, 5, 12, '2018-03-23 16:13:45', '2018-03-23 16:13:45'),
(18, 'et', 'Ut perferendis qui aut a voluptatum. Nemo doloremque quia necessitatibus ex. Vero quo beatae at non. Sit laborum quas adipisci eos ipsa et in explicabo.', 109, 1, 21, '2018-03-23 16:13:45', '2018-03-23 16:13:45'),
(19, 'consequatur', 'Incidunt asperiores mollitia illo et architecto nam. Repellendus voluptatum corrupti assumenda dolor autem quia aliquid. Quo quos ducimus beatae suscipit aliquid.', 481, 1, 5, '2018-03-23 16:13:45', '2018-03-23 16:13:45'),
(20, 'deserunt', 'Ut possimus ea et eos consequatur. Quibusdam maiores vitae aut et aspernatur. Sint deserunt et ut laudantium sit delectus nemo.', 416, 4, 26, '2018-03-23 16:13:45', '2018-03-23 16:13:45'),
(21, 'vel', 'Id mollitia aliquam quo aspernatur numquam sit impedit. Soluta sequi voluptatum non delectus molestias nesciunt possimus. Recusandae et quo vel. Ea recusandae totam harum libero nemo officiis inventore voluptatem.', 814, 9, 14, '2018-03-23 16:13:45', '2018-03-23 16:13:45'),
(22, 'illo', 'Ex accusamus soluta harum consequuntur vero. Est sed aliquam illum sint quam quia. Expedita tempore ut perspiciatis fuga.', 704, 8, 21, '2018-03-23 16:13:45', '2018-03-23 16:13:45'),
(23, 'sit', 'Qui exercitationem et doloribus aliquam. Culpa necessitatibus nam dicta odit.', 548, 1, 27, '2018-03-23 16:13:45', '2018-03-23 16:13:45'),
(24, 'dolorem', 'Illum quo voluptas et at vel ut labore. Illum voluptas qui odio mollitia rerum. Et excepturi fugiat minima dolorem sit.', 334, 5, 25, '2018-03-23 16:13:45', '2018-03-23 16:13:45'),
(25, 'dolorum', 'Non temporibus dolore veniam nemo facilis vitae aspernatur eligendi. In illo at et. Nostrum quia velit vero eos commodi tempora. Voluptatem aut vel nihil aut dolorem aut dolor.', 147, 8, 9, '2018-03-23 16:13:45', '2018-03-23 16:13:45'),
(26, 'molestiae', 'Enim omnis doloribus voluptatem quis exercitationem in qui. Ut possimus cupiditate ipsam voluptatem quisquam omnis expedita voluptatem. Qui reiciendis vero velit facere aspernatur qui non. Est qui et dolores quasi tempore laborum.', 221, 2, 25, '2018-03-23 16:13:45', '2018-03-23 16:13:45'),
(27, 'voluptatem', 'Quaerat sint incidunt dicta consequatur eos eius et. Eveniet nisi doloribus non molestiae. Quaerat dolorum blanditiis dicta beatae et velit error. Aliquam beatae eum possimus ipsa ratione.', 161, 5, 15, '2018-03-23 16:13:45', '2018-03-23 16:13:45'),
(28, 'molestiae', 'Facere atque ut dolores. Occaecati omnis sequi non laboriosam.', 683, 6, 14, '2018-03-23 16:13:45', '2018-03-23 16:13:45'),
(29, 'quaerat', 'Distinctio dolorem eveniet rerum hic. Aut sit molestias qui quaerat pariatur. Officiis vero ut alias saepe omnis. Aut rerum excepturi incidunt earum sunt.', 322, 1, 16, '2018-03-23 16:13:45', '2018-03-23 16:13:45'),
(30, 'expedita', 'Quam dolore beatae id reiciendis eos commodi natus. Eos asperiores accusantium veniam sint nihil numquam reprehenderit. Voluptas aut quo dolor cumque dolor. In ut velit deleniti rerum odio ea aut.', 224, 2, 21, '2018-03-23 16:13:45', '2018-03-23 16:13:45'),
(31, 'eos', 'Tempora voluptatum dolorem in reiciendis qui. Ut aut ut et. Nihil sit voluptas rerum id atque aut est.', 620, 4, 15, '2018-03-23 16:13:45', '2018-03-23 16:13:45'),
(32, 'corrupti', 'Esse nam nisi at sed quos distinctio. Aut et quis ipsum debitis sit. Vel in excepturi architecto optio explicabo.', 480, 3, 7, '2018-03-23 16:13:45', '2018-03-23 16:13:45'),
(33, 'cupiditate', 'Earum ipsum molestias et sint velit perspiciatis expedita non. Sint enim et corporis tenetur enim fugit. Repellendus quae sed omnis.', 641, 8, 9, '2018-03-23 16:13:46', '2018-03-23 16:13:46'),
(34, 'voluptas', 'Culpa ipsum corporis quia tempore illum voluptatibus vel. Repellat non architecto voluptate sit aut maiores perspiciatis. Sint minima est laboriosam ipsum voluptate ipsam voluptates. Harum voluptatem doloribus reprehenderit fuga eaque eum voluptatum ipsum.', 413, 6, 17, '2018-03-23 16:13:46', '2018-03-23 16:13:46'),
(35, 'omnis', 'Beatae corporis dicta provident autem. Id ut totam repudiandae ut necessitatibus vitae ullam.', 346, 5, 5, '2018-03-23 16:13:46', '2018-03-23 16:13:46'),
(36, 'odio', 'Voluptatem error aut repudiandae quae. Et quia est quidem quibusdam qui aut. Quo excepturi voluptatem et. Velit adipisci ducimus reiciendis eos laboriosam.', 852, 2, 23, '2018-03-23 16:13:46', '2018-03-23 16:13:46'),
(37, 'aut', 'Porro est molestiae ex ratione in et et. Omnis exercitationem laboriosam ab aut accusantium et. Illo beatae non est voluptatibus.', 178, 1, 12, '2018-03-23 16:13:46', '2018-03-23 16:13:46'),
(38, 'voluptatem', 'Natus sed placeat laudantium odio hic numquam aut. Ex id aspernatur debitis. Et eum qui est. Rerum fugiat voluptas rerum.', 669, 5, 22, '2018-03-23 16:13:46', '2018-03-23 16:13:46'),
(39, 'dolores', 'Eaque nulla temporibus beatae et ea ad voluptatem. Nisi ut assumenda natus suscipit eos. Voluptas magnam a voluptatem quisquam esse ad atque. Sit inventore perferendis ut incidunt.', 708, 1, 5, '2018-03-23 16:13:46', '2018-03-23 16:13:46'),
(40, 'explicabo', 'Quam similique assumenda veritatis voluptates rem. Provident tenetur eaque nihil impedit. Corporis esse recusandae architecto a voluptas reprehenderit nam.', 712, 9, 2, '2018-03-23 16:13:46', '2018-03-23 16:13:46'),
(41, 'est', 'Voluptas perferendis sit culpa suscipit aut error laboriosam. Corporis eaque voluptatum incidunt aspernatur. Cumque nihil quod eum commodi inventore aut est omnis.', 288, 2, 5, '2018-03-23 16:13:46', '2018-03-23 16:13:46'),
(42, 'id', 'Nobis illum velit facere voluptatem natus architecto laboriosam. Et harum aut quae modi. Earum atque omnis provident dolorem earum cum et illum.', 261, 3, 13, '2018-03-23 16:13:46', '2018-03-23 16:13:46'),
(43, 'aut', 'Officia recusandae reiciendis eaque totam. Nemo aut et et maxime illo. Est quia voluptatum voluptates vel non sit.', 545, 5, 7, '2018-03-23 16:13:46', '2018-03-23 16:13:46'),
(44, 'rerum', 'Dolor sequi eum omnis aut. Aut rerum corporis ut ut. Et sint fuga qui assumenda non nesciunt.', 524, 5, 28, '2018-03-23 16:13:46', '2018-03-23 16:13:46'),
(45, 'ut', 'Ut sed doloribus voluptas non quo. Ut ea debitis omnis eum quasi saepe vero. Cum vel non sunt magnam et.', 154, 0, 4, '2018-03-23 16:13:46', '2018-03-23 16:13:46'),
(46, 'similique', 'Enim voluptatem itaque sunt repellat et voluptatibus. Et dolores amet error iure dolorem. Magnam animi voluptatem vel dolores ut dignissimos aspernatur.', 827, 5, 15, '2018-03-23 16:13:46', '2018-03-23 16:13:46'),
(47, 'aut', 'Et aut nam earum harum aut voluptas eius. Atque suscipit doloremque quo nesciunt optio et. Excepturi saepe possimus illo dolores modi.', 333, 8, 18, '2018-03-23 16:13:46', '2018-03-23 16:13:46'),
(48, 'debitis', 'Dolorem commodi eum maxime minus excepturi id corrupti. Cumque eius corrupti rerum et. Hic vel nulla laboriosam odio rerum dolor.', 580, 8, 8, '2018-03-23 16:13:46', '2018-03-23 16:13:46'),
(49, 'quo', 'Autem omnis placeat voluptate non voluptatem dolorem et. Ipsa tempore facere aut architecto eos. Animi sunt vero molestias ut ex.', 770, 5, 27, '2018-03-23 16:13:46', '2018-03-23 16:13:46'),
(50, 'ut', 'Reprehenderit similique ad qui est dolorem neque excepturi. Et rem quis qui eum. In sint aspernatur unde molestiae explicabo.', 479, 3, 6, '2018-03-23 16:13:46', '2018-03-23 16:13:46');

-- --------------------------------------------------------

--
-- Table structure for table `reviews`
--

CREATE TABLE `reviews` (
  `id` int(10) UNSIGNED NOT NULL,
  `product_id` int(10) UNSIGNED NOT NULL,
  `customer` varchar(191) COLLATE utf8mb4_unicode_ci NOT NULL,
  `review` text COLLATE utf8mb4_unicode_ci NOT NULL,
  `star` int(11) NOT NULL,
  `created_at` timestamp NULL DEFAULT NULL,
  `updated_at` timestamp NULL DEFAULT NULL
) ENGINE=InnoDB DEFAULT CHARSET=utf8mb4 COLLATE=utf8mb4_unicode_ci;

--
-- Dumping data for table `reviews`
--

INSERT INTO `reviews` (`id`, `product_id`, `customer`, `review`, `star`, `created_at`, `updated_at`) VALUES
(1, 16, 'Gerald Reynolds', 'Consectetur vel perferendis ipsum totam et. Quibusdam nulla voluptate numquam optio quam. Assumenda et excepturi modi enim rerum quasi consectetur.', 0, '2018-03-23 16:13:47', '2018-03-23 16:13:47'),
(2, 44, 'Dr. Fabian Gerhold', 'Tenetur placeat architecto fuga repellat autem ipsum modi. Ratione amet pariatur occaecati tenetur maiores tenetur quia omnis. Tempore dolorem dolores amet et occaecati animi.', 4, '2018-03-23 16:13:47', '2018-03-23 16:13:47'),
(3, 5, 'Marvin Mills MD', 'Ipsa reiciendis officiis maiores tenetur. Nam est molestiae autem. Quaerat voluptas porro rerum et. Modi exercitationem ullam eos amet dolore.', 5, '2018-03-23 16:13:47', '2018-03-23 16:13:47'),
(4, 47, 'Russ Halvorson', 'Sit cumque ex ab et totam optio aut. Error ratione quod pariatur unde. Et quis molestiae dolor dolor et nihil.', 2, '2018-03-23 16:13:47', '2018-03-23 16:13:47'),
(5, 38, 'Cyrus Jaskolski', 'Odio mollitia voluptatem animi harum dolore veniam. Cupiditate fugit reprehenderit tempora iusto et. Voluptas nihil quia ea possimus voluptatem ad nihil.', 4, '2018-03-23 16:13:48', '2018-03-23 16:13:48'),
(6, 33, 'Harrison Stoltenberg', 'Commodi ex rerum enim est qui nobis. Voluptatibus dolorum vitae eum culpa et porro repudiandae. Ipsa est rerum dolor quasi.', 5, '2018-03-23 16:13:48', '2018-03-23 16:13:48'),
(7, 38, 'Ms. Jazmyne Frami', 'Commodi qui reiciendis sed facilis quis. Inventore eveniet sit recusandae. Optio voluptas reiciendis assumenda suscipit. Molestiae similique in iure rerum perferendis cupiditate. Voluptate maxime est eum nostrum.', 4, '2018-03-23 16:13:48', '2018-03-23 16:13:48'),
(8, 15, 'Kevin Macejkovic', 'Optio accusamus asperiores odit consectetur non. Error voluptates ex a occaecati est sit ex. Aut qui itaque adipisci perferendis veniam aliquid. Non eos temporibus asperiores animi dolor ad. Qui autem enim assumenda numquam.', 0, '2018-03-23 16:13:48', '2018-03-23 16:13:48'),
(9, 24, 'Maudie Nader DDS', 'Architecto a quia quibusdam reiciendis qui officiis id. Quia vel ex ea consequatur amet. Quia rem rerum velit quod non aspernatur.', 4, '2018-03-23 16:13:48', '2018-03-23 16:13:48'),
(10, 8, 'Paolo Waelchi', 'Ducimus voluptates voluptate sapiente dolorem nostrum. Consequuntur dolorem praesentium non minima qui eum omnis. Sit adipisci ut quo doloribus animi soluta enim quo.', 5, '2018-03-23 16:13:48', '2018-03-23 16:13:48'),
(11, 10, 'Axel Schoen', 'Rerum atque et veniam praesentium. Nobis quaerat quia qui non. Deleniti ut nulla voluptas non. Ratione ut tenetur et non vel exercitationem ratione.', 2, '2018-03-23 16:13:48', '2018-03-23 16:13:48'),
(12, 49, 'Devan Orn', 'Cum ut delectus aut dolores. Tenetur maiores sed quis autem placeat. A non dolor hic autem.', 3, '2018-03-23 16:13:48', '2018-03-23 16:13:48'),
(13, 23, 'Prof. Emmet Schoen I', 'Numquam quae aspernatur unde deleniti excepturi. Dolorem sequi tempora hic id consectetur molestiae. Et adipisci harum consequatur error. Sit voluptatem est ullam dignissimos omnis omnis.', 3, '2018-03-23 16:13:48', '2018-03-23 16:13:48'),
(14, 8, 'Clay Schuppe', 'Hic iusto minima et nam. Voluptatum est iure omnis. Dolorem praesentium et dolor ipsam optio ut. Et aliquid nihil qui architecto.', 4, '2018-03-23 16:13:48', '2018-03-23 16:13:48'),
(15, 13, 'Jensen Hilll Sr.', 'Magni nihil aut quis aut. Sed sit quod modi cupiditate aliquam vitae. Minima ipsum soluta voluptatem animi unde qui ipsam illo. Ut enim et sunt odit. Nobis nostrum ut ut molestias mollitia et ut.', 2, '2018-03-23 16:13:48', '2018-03-23 16:13:48'),
(16, 19, 'Rowena Larkin', 'Minus quasi beatae nihil ullam et. Voluptatem enim aspernatur vitae occaecati consequatur est. Perferendis commodi fuga vel ipsam et ipsam recusandae ut. Assumenda et expedita quaerat voluptas consectetur.', 5, '2018-03-23 16:13:48', '2018-03-23 16:13:48'),
(17, 6, 'Mrs. Natalia Feil', 'Doloribus quisquam blanditiis qui perspiciatis. Suscipit sit esse quasi non et voluptas. Voluptatibus dolor est atque labore.', 4, '2018-03-23 16:13:48', '2018-03-23 16:13:48'),
(18, 41, 'Prof. Ashton Bednar', 'Eveniet recusandae doloribus qui dolorum. Molestiae et qui quaerat ut et. Quo et quo beatae tempora repellat autem. Soluta maiores consequuntur necessitatibus dicta.', 2, '2018-03-23 16:13:48', '2018-03-23 16:13:48'),
(19, 28, 'Celestino Gusikowski', 'Cupiditate aliquid aut atque ut amet. Et dolorum pariatur nemo facere dolores quo beatae id. Soluta quod perspiciatis ipsa maiores eius sint necessitatibus. Autem quia quibusdam et quia exercitationem perferendis vitae.', 0, '2018-03-23 16:13:48', '2018-03-23 16:13:48'),
(20, 7, 'Dorris Stokes', 'Et laudantium voluptas quo fugiat. Sunt optio eos eaque quia. Perspiciatis esse esse nostrum autem.', 1, '2018-03-23 16:13:48', '2018-03-23 16:13:48'),
(21, 10, 'Miss Larissa Kuhic IV', 'Recusandae voluptatibus illum dolor quasi occaecati. Omnis ut non atque ea omnis. Sapiente voluptatem qui deleniti ab sint deserunt sed voluptatem. Distinctio quo ut at rem.', 0, '2018-03-23 16:13:48', '2018-03-23 16:13:48'),
(22, 20, 'Zackary McLaughlin', 'Reiciendis animi deserunt reiciendis sunt dignissimos velit dolore. Mollitia aspernatur pariatur voluptas ut dolore dolorem illum.', 3, '2018-03-23 16:13:48', '2018-03-23 16:13:48'),
(23, 47, 'Dr. Ward Langworth', 'Doloremque laborum et illum nemo. Perspiciatis sint optio ab sequi.', 1, '2018-03-23 16:13:48', '2018-03-23 16:13:48'),
(24, 14, 'Dr. Koby Streich', 'Molestiae dolor voluptatibus reiciendis atque repellendus. Possimus impedit rerum eius enim quisquam et molestiae. Pariatur cupiditate voluptas exercitationem omnis corporis. Repellendus sed deleniti et doloremque aut.', 1, '2018-03-23 16:13:49', '2018-03-23 16:13:49'),
(25, 45, 'Travis Jacobi MD', 'Distinctio in nesciunt voluptas. Et itaque ex est nostrum. Voluptatibus autem voluptatum nobis maxime assumenda. Quia fuga voluptatibus nisi quo. Corrupti explicabo accusamus labore ut.', 2, '2018-03-23 16:13:49', '2018-03-23 16:13:49'),
(26, 38, 'Dr. Myron Moore V', 'Earum non qui ipsum magni reiciendis quis quos maiores. Asperiores doloribus ratione minus dolorem ea ut similique. Ipsam harum vero tempora quasi. Aliquid eaque ratione ut excepturi occaecati vel reiciendis voluptas.', 3, '2018-03-23 16:13:49', '2018-03-23 16:13:49'),
(27, 48, 'Rodrigo Cummings', 'Eaque aperiam dolore est ad. Ipsam omnis dignissimos et nobis enim dicta. Molestiae iure et consectetur neque tempora sunt qui. Corrupti quam dolores dolor quidem dolores porro.', 1, '2018-03-23 16:13:49', '2018-03-23 16:13:49'),
(28, 7, 'Lucienne Christiansen II', 'Quod soluta soluta facilis voluptatum perspiciatis alias. Aut sed tempora iusto debitis. Recusandae porro eos amet. Autem ad aut rerum ut consequatur nihil a.', 3, '2018-03-23 16:13:49', '2018-03-23 16:13:49'),
(29, 5, 'Norwood Thompson', 'Exercitationem ullam veniam eos amet dolor. Magnam aliquam quia dolor quia. Dolores praesentium rerum temporibus omnis dolore. Provident tempore amet similique impedit est veniam.', 5, '2018-03-23 16:13:49', '2018-03-23 16:13:49'),
(30, 28, 'Prof. Kylie Greenfelder DVM', 'Voluptas vel et reprehenderit vitae ducimus soluta ullam. Architecto ut in quisquam ut voluptatum ducimus fugiat. Provident repudiandae amet repellat ea soluta beatae.', 2, '2018-03-23 16:13:49', '2018-03-23 16:13:49'),
(31, 48, 'Dr. Neil Herman Sr.', 'Ea ipsa impedit repellendus quia aliquam officia. Tempora reprehenderit exercitationem sed laudantium. Vel dicta repudiandae aut ipsum nemo aut. Dolorem blanditiis exercitationem sunt amet.', 0, '2018-03-23 16:13:49', '2018-03-23 16:13:49'),
(32, 10, 'Augustus Bahringer', 'Et iusto incidunt facilis in. Quod mollitia cumque ex dicta. Inventore fugit consequatur voluptatibus dolores totam tempore vel.', 1, '2018-03-23 16:13:49', '2018-03-23 16:13:49'),
(33, 49, 'Beryl Bosco', 'Et eos vel quae qui consequatur consequatur amet. Iure animi voluptas voluptate.', 0, '2018-03-23 16:13:49', '2018-03-23 16:13:49'),
(34, 29, 'Lexie O\'Hara', 'Est occaecati possimus fugit quis consequatur officiis. Vel asperiores facere rerum rem. Aut at est dolorem mollitia autem in excepturi deserunt.', 3, '2018-03-23 16:13:49', '2018-03-23 16:13:49'),
(35, 14, 'Gertrude Zemlak', 'Animi unde facilis aliquid. Consectetur provident tenetur reiciendis amet. Placeat dignissimos nemo pariatur laboriosam et distinctio. Placeat id et sed.', 1, '2018-03-23 16:13:49', '2018-03-23 16:13:49'),
(36, 33, 'Prof. Nicklaus Erdman', 'Et soluta aut quo tempora et. Ab explicabo qui voluptas molestiae delectus culpa ut expedita. Animi ipsam rerum quis quisquam.', 5, '2018-03-23 16:13:49', '2018-03-23 16:13:49'),
(37, 48, 'Bria Beahan', 'Quia et voluptatum quia. Est sed molestias iure.', 4, '2018-03-23 16:13:49', '2018-03-23 16:13:49'),
(38, 6, 'Prof. Rudy Stamm I', 'Illo deleniti possimus porro est assumenda. Voluptas veritatis ut nam. Architecto repellendus aut praesentium voluptatibus. Quia error consequatur aut sapiente.', 5, '2018-03-23 16:13:49', '2018-03-23 16:13:49'),
(39, 38, 'Crawford Gulgowski V', 'Quo fugiat qui perferendis corporis deleniti. Animi et repellendus iste harum recusandae. Dolorum qui ipsa doloremque repellendus id aut et quisquam. Ab vel eius omnis asperiores.', 2, '2018-03-23 16:13:49', '2018-03-23 16:13:49'),
(40, 5, 'Timmothy Pfannerstill', 'Id molestiae explicabo assumenda illo quae ea. Totam et magni fugiat aliquid illum fuga maiores. Et modi quisquam ut cupiditate nobis voluptatem. Dolorem nihil a deleniti delectus.', 0, '2018-03-23 16:13:49', '2018-03-23 16:13:49'),
(41, 49, 'Aimee Roob', 'Neque ducimus dolorem quibusdam nam accusantium vitae. Labore sequi assumenda tempore pariatur ullam alias.', 2, '2018-03-23 16:13:49', '2018-03-23 16:13:49'),
(42, 44, 'Dr. Lucious Littel III', 'Dolor iure tenetur est eos. Unde animi deserunt eaque omnis. Exercitationem doloremque qui qui eos est esse eius et. Et excepturi veniam aperiam qui laborum voluptas.', 2, '2018-03-23 16:13:50', '2018-03-23 16:13:50'),
(43, 43, 'Prof. Mohammad Boyle Jr.', 'Non ut aut expedita magni aut neque sint. Dignissimos eum sit et quisquam maxime. Voluptatem rerum ullam sint explicabo. Vero in illo nihil ab qui.', 1, '2018-03-23 16:13:50', '2018-03-23 16:13:50'),
(44, 2, 'Triston Romaguera', 'Nobis eveniet atque eius reiciendis vitae. Numquam doloremque laborum sed reprehenderit hic dolor. Est explicabo fuga eaque incidunt illo. Qui dolores aut voluptatum sit at odio quidem.', 0, '2018-03-23 16:13:50', '2018-03-23 16:13:50'),
(45, 38, 'Wade Metz V', 'Quis libero ut aut. Quod tempore voluptate ratione ducimus. Autem exercitationem quibusdam voluptatibus quia dolorum est fugiat. Omnis libero voluptates dolores libero soluta.', 0, '2018-03-23 16:13:50', '2018-03-23 16:13:50'),
(46, 42, 'Mr. Kip Swift', 'Veniam non ut debitis cumque sed et. Voluptatem nesciunt consequuntur saepe id ex asperiores earum nobis. Laborum at quod excepturi.', 2, '2018-03-23 16:13:50', '2018-03-23 16:13:50'),
(47, 9, 'Marco Shields', 'Iure facere dolore dolorem dolores numquam dolore voluptatibus. Corrupti at quos necessitatibus sint aut. Magni eaque reprehenderit sapiente aperiam et nemo.', 1, '2018-03-23 16:13:50', '2018-03-23 16:13:50'),
(48, 42, 'Major Pagac', 'Eligendi repellendus aperiam sint ducimus omnis asperiores et. Quas eum et nemo et. Eos sint quidem laudantium placeat quo excepturi nesciunt. Ea eos voluptatem occaecati labore est.', 0, '2018-03-23 16:13:50', '2018-03-23 16:13:50'),
(49, 3, 'Tess Stamm', 'Repellat voluptas qui veniam velit ad qui. Et ut libero atque distinctio dicta et. Libero reprehenderit sunt velit maiores occaecati a eius pariatur. Ex et similique earum sed ipsa dolores. Fuga quam et aliquam velit molestiae dicta possimus.', 5, '2018-03-23 16:13:50', '2018-03-23 16:13:50'),
(50, 13, 'Prof. Quinton Rohan Sr.', 'Laudantium consequatur sit molestiae omnis modi. Totam ipsa culpa occaecati deserunt. Atque sint similique magnam suscipit debitis. Eum dolorem fugit reprehenderit quia velit et maxime nobis.', 3, '2018-03-23 16:13:50', '2018-03-23 16:13:50'),
(51, 33, 'Natasha Prosacco', 'Quia est veritatis repellat est eveniet. Quia hic nesciunt laborum nulla et earum. Nam ut doloremque ea adipisci optio repellat.', 1, '2018-03-23 16:13:50', '2018-03-23 16:13:50'),
(52, 36, 'Prof. Danny Koch', 'Sunt sapiente quisquam tempore qui. Ullam dolor sunt ab. Molestias id dolorem ipsa quia quis.', 3, '2018-03-23 16:13:50', '2018-03-23 16:13:50'),
(53, 50, 'Miss Priscilla Baumbach DDS', 'Qui nihil aliquid sit atque quas consequuntur dolore. Dolores quasi odit dolore atque dolorum non et quia. Consectetur quia aliquid autem earum veritatis praesentium aut. Quo quia quia quia qui sed et et.', 3, '2018-03-23 16:13:50', '2018-03-23 16:13:50'),
(54, 49, 'Jaylan Little', 'Dolorum iure quia provident fugiat minima. Sit perferendis rerum iusto est ut sapiente qui. Qui et consequuntur ratione cumque ut commodi.', 0, '2018-03-23 16:13:50', '2018-03-23 16:13:50'),
(55, 3, 'Genesis Larson', 'Et aut cumque voluptatibus omnis. Fuga voluptates accusamus voluptas ipsa. Dicta ab reprehenderit ullam sapiente.', 5, '2018-03-23 16:13:50', '2018-03-23 16:13:50'),
(56, 42, 'Prof. Fermin Stracke', 'Repudiandae iusto perferendis vitae qui incidunt ea voluptatem. Rerum placeat praesentium quae consequatur aut. Ipsam laboriosam iure at et. Minima dolore error sit dolorum sunt accusantium eum.', 0, '2018-03-23 16:13:50', '2018-03-23 16:13:50'),
(57, 37, 'Jaquelin Price', 'Magnam magnam aut soluta at rerum aut temporibus voluptate. Non qui sit molestias et. Ea quam autem ipsum voluptas provident.', 3, '2018-03-23 16:13:50', '2018-03-23 16:13:50'),
(58, 4, 'Euna Baumbach', 'Quidem sequi ad quaerat expedita dolore aut aut. Repellendus qui optio vel eaque quidem sed quibusdam atque. Eum est magnam nobis dolorum et et. Consectetur natus non sint asperiores officia. Consequatur quaerat at enim numquam eum in nemo.', 4, '2018-03-23 16:13:50', '2018-03-23 16:13:50'),
(59, 41, 'Justine Lockman', 'Expedita consectetur magni aut qui cumque quos. Et autem et esse qui impedit eos eaque. Nemo numquam ut eius dolores et deleniti.', 3, '2018-03-23 16:13:50', '2018-03-23 16:13:50'),
(60, 26, 'Ms. Nyasia Deckow Jr.', 'Quibusdam nobis necessitatibus sunt tenetur. Voluptatem excepturi ipsum omnis placeat. Magni quis expedita facere sint. Rerum ducimus eligendi iusto qui.', 4, '2018-03-23 16:13:51', '2018-03-23 16:13:51'),
(61, 38, 'Bernhard Sporer', 'Magni dolorem ipsa repellat cumque molestias. Repellendus in aliquid rerum dolore sapiente ut placeat est. Officiis nobis cum quia quibusdam quod iste.', 3, '2018-03-23 16:13:51', '2018-03-23 16:13:51'),
(62, 39, 'Alysson Lindgren', 'Consequatur expedita nisi quia similique et voluptatem sint. Quam eligendi omnis illo perspiciatis molestias non. Illum et eos modi quod qui.', 4, '2018-03-23 16:13:51', '2018-03-23 16:13:51'),
(63, 22, 'Antwan Bergstrom', 'Ratione quia a unde omnis repellendus excepturi ut. Eius et repudiandae et et quod. Quia qui laboriosam ducimus in.', 2, '2018-03-23 16:13:51', '2018-03-23 16:13:51'),
(64, 32, 'Mrs. Daniela Walsh', 'Qui voluptas est et qui. Quia est officiis nisi blanditiis aspernatur voluptatum. Eligendi eos accusamus illo unde ratione ea quia voluptatem.', 4, '2018-03-23 16:13:51', '2018-03-23 16:13:51'),
(65, 26, 'Vincenza Schaefer', 'Non aut dignissimos modi exercitationem et. Architecto minus odit est aperiam temporibus eveniet. Quibusdam veniam nesciunt eius provident laborum enim. Possimus nemo est expedita nihil eligendi vel sed.', 5, '2018-03-23 16:13:51', '2018-03-23 16:13:51'),
(66, 39, 'Prof. Zoe Bergnaum V', 'Saepe sunt vero praesentium quasi. Explicabo et consectetur tempore dicta aliquam reiciendis. Culpa mollitia occaecati voluptas nihil et aut.', 4, '2018-03-23 16:13:51', '2018-03-23 16:13:51'),
(67, 16, 'Prof. Kieran Walker PhD', 'Iure nesciunt aliquam aut tempora ducimus provident et. Excepturi adipisci et dolore. Omnis consequuntur quos asperiores consectetur ad quis. Doloremque quos culpa dolorem molestias suscipit consequuntur quas. Repellendus deleniti illum mollitia praesentium corrupti eum.', 3, '2018-03-23 16:13:51', '2018-03-23 16:13:51'),
(68, 35, 'Kristoffer Kulas', 'Pariatur et autem ipsa fugiat dolorem nihil. Laborum veritatis id ipsum sed. Voluptas quae ad quis architecto.', 0, '2018-03-23 16:13:51', '2018-03-23 16:13:51'),
(69, 5, 'Prof. Emerson Beahan', 'Incidunt ratione quos voluptatem saepe. Voluptas cumque sapiente minus. Atque et ab iure dolor aut cum qui.', 0, '2018-03-23 16:13:51', '2018-03-23 16:13:51'),
(70, 28, 'Krystal Collins', 'Voluptatum amet qui deserunt autem suscipit. Esse ut alias et aperiam ipsam ut aut. Eaque pariatur et eaque sapiente. Qui libero reprehenderit reiciendis omnis earum numquam molestiae.', 2, '2018-03-23 16:13:51', '2018-03-23 16:13:51'),
(71, 14, 'Marques Herzog', 'Quaerat corrupti perferendis molestiae necessitatibus. Dicta voluptatibus hic est harum voluptas ut maiores.', 1, '2018-03-23 16:13:51', '2018-03-23 16:13:51'),
(72, 23, 'Edythe Hudson IV', 'Vel dignissimos qui velit. Illo explicabo mollitia ullam.', 0, '2018-03-23 16:13:51', '2018-03-23 16:13:51'),
(73, 18, 'Melba Luettgen', 'Delectus dolor nesciunt ad sit eum incidunt dolores. Laudantium enim autem quia quis temporibus ea. Quo quis quas repellendus optio non et.', 2, '2018-03-23 16:13:51', '2018-03-23 16:13:51'),
(74, 34, 'Prof. Juston Trantow Sr.', 'Qui sit accusamus explicabo consequatur dolores reprehenderit. Praesentium odio ea eligendi quia. Enim asperiores vel quam odio eligendi et.', 1, '2018-03-23 16:13:51', '2018-03-23 16:13:51'),
(75, 16, 'Prof. Trycia Nienow Jr.', 'Qui qui illum officiis molestias similique. Fugiat molestiae vitae libero ut qui. Fuga iure cumque culpa eligendi ut. Est voluptas fugit voluptatem dolore.', 0, '2018-03-23 16:13:51', '2018-03-23 16:13:51'),
(76, 27, 'Mr. Kiel Goyette', 'Accusantium suscipit totam sint dignissimos magnam omnis. Voluptatem tenetur quia veritatis optio consequatur praesentium maxime. Quidem laboriosam modi explicabo dolorem temporibus rerum beatae nemo.', 1, '2018-03-23 16:13:51', '2018-03-23 16:13:51'),
(77, 22, 'Alisa Rau', 'Eius et odit soluta rerum velit rem. Quia neque enim et totam magni. Quia error voluptatem quibusdam.', 1, '2018-03-23 16:13:51', '2018-03-23 16:13:51'),
(78, 27, 'Prof. Remington Johnson DVM', 'Voluptatem labore praesentium incidunt ab sint distinctio deserunt. Expedita aspernatur quos molestiae. Quia quia ut quam nemo vitae quis excepturi est. Quia voluptates sit animi omnis vel quia.', 2, '2018-03-23 16:13:51', '2018-03-23 16:13:51'),
(79, 47, 'Cooper Stamm', 'Quam id dolor hic iure ea est et reiciendis. Autem odio sint aperiam. Earum expedita vel consequuntur fugit repudiandae et. Delectus voluptatum aliquam facere.', 1, '2018-03-23 16:13:52', '2018-03-23 16:13:52'),
(80, 42, 'Mr. Fred Nitzsche II', 'Enim sit nisi voluptatem at saepe. Culpa quidem provident eligendi dolor. Eum harum corrupti iste minima similique similique et.', 3, '2018-03-23 16:13:52', '2018-03-23 16:13:52'),
(81, 36, 'Jaron Fahey I', 'Earum voluptates deleniti commodi nostrum hic. Temporibus eaque eum maiores molestias eum. Voluptatum unde voluptates et illum aut vero rerum.', 1, '2018-03-23 16:13:52', '2018-03-23 16:13:52'),
(82, 32, 'Jairo Tromp', 'Vel velit deserunt tempore modi ut id aut. Sint in est id corporis soluta. Et eos eos voluptates voluptatem consequatur impedit debitis.', 1, '2018-03-23 16:13:52', '2018-03-23 16:13:52'),
(83, 16, 'Alexys Kassulke', 'Consequatur rerum similique quia quia. Animi sit et repellendus mollitia. Eaque est voluptate vero aliquid rerum eveniet. Saepe ut fuga consequuntur numquam ut nemo.', 4, '2018-03-23 16:13:52', '2018-03-23 16:13:52'),
(84, 28, 'Laney Cronin', 'Est consequatur neque quo et eius. Et est dolor at sed dicta quos iusto. Qui accusamus culpa perferendis exercitationem voluptate.', 5, '2018-03-23 16:13:52', '2018-03-23 16:13:52'),
(85, 1, 'Prof. Bethel Hamill PhD', 'Occaecati blanditiis totam autem sunt quas ad accusantium unde. Nihil eum ipsam beatae officiis magni.', 4, '2018-03-23 16:13:52', '2018-03-23 16:13:52'),
(86, 20, 'Ms. Ofelia Halvorson II', 'Repudiandae magnam et est qui minus. Nihil asperiores saepe labore eius. Tenetur nulla sed et porro repellat.', 1, '2018-03-23 16:13:52', '2018-03-23 16:13:52'),
(87, 39, 'Nicolette Doyle', 'Sed voluptatem ratione est quia sunt eum. Illum dolorum sit temporibus enim at similique. Non aliquam molestiae et aliquid necessitatibus eaque sed. Maiores animi ut ullam.', 3, '2018-03-23 16:13:52', '2018-03-23 16:13:52'),
(88, 50, 'Melyssa Cormier', 'Sit velit eaque dolor. Quidem id ab quo soluta non reprehenderit aspernatur. Excepturi ipsum sapiente provident qui sit maiores. Praesentium soluta omnis et quaerat qui error ut suscipit.', 3, '2018-03-23 16:13:52', '2018-03-23 16:13:52'),
(89, 3, 'Dr. Claude McDermott III', 'Nisi nobis corrupti in veniam ad ipsa consequatur. Earum cum veniam aut provident necessitatibus aut. Est dignissimos magnam ex explicabo debitis commodi tempora. Eos odit et iusto inventore nam et debitis id.', 0, '2018-03-23 16:13:52', '2018-03-23 16:13:52'),
(90, 25, 'Kylie Mosciski', 'Quidem voluptatem pariatur officia. Veniam dicta maiores aliquam. Quia facere molestiae architecto voluptatem consequatur doloremque. Debitis consectetur ex sapiente iusto blanditiis necessitatibus harum.', 5, '2018-03-23 16:13:52', '2018-03-23 16:13:52'),
(91, 49, 'Mr. Orion Emmerich Sr.', 'Accusamus commodi laboriosam ipsam fugit. Nostrum quo sed odit magnam nihil. Et quae recusandae quia fugiat. Quia ratione id ex.', 5, '2018-03-23 16:13:52', '2018-03-23 16:13:52'),
(92, 14, 'Bridgette Halvorson', 'Provident officia maiores dolorem molestiae. Quia veniam similique eos est consequatur. Sed dignissimos explicabo culpa.', 0, '2018-03-23 16:13:52', '2018-03-23 16:13:52'),
(93, 20, 'Chad Ferry DDS', 'Aut quos sit iure iusto. Esse iste laudantium molestiae praesentium sit quia. Quo non excepturi sed sint quod. Quas porro voluptatem quae tempore.', 2, '2018-03-23 16:13:52', '2018-03-23 16:13:52'),
(94, 31, 'Joey Corkery', 'Iusto dicta ut nostrum ab ipsa facere. Quas quam dignissimos corporis rerum ipsa assumenda aut officia. Aut laudantium modi dolores et non.', 3, '2018-03-23 16:13:52', '2018-03-23 16:13:52'),
(95, 7, 'Reed Douglas', 'Cum unde eum blanditiis nobis qui mollitia. Repellat maiores delectus et itaque. Voluptatum non sapiente maxime magni nam odit.', 4, '2018-03-23 16:13:52', '2018-03-23 16:13:52'),
(96, 17, 'Prof. Lavern Denesik I', 'Architecto quo inventore laboriosam ut. Error sit labore ipsam vero et hic. Quasi explicabo vitae aut qui. Accusantium ut occaecati illum dolores ut officiis quo.', 5, '2018-03-23 16:13:52', '2018-03-23 16:13:52'),
(97, 43, 'Kasandra Wisoky', 'Et alias similique omnis. Qui beatae voluptas sed quidem assumenda impedit aut. Quisquam et maxime non omnis rerum ut. Quaerat totam doloribus inventore quas.', 2, '2018-03-23 16:13:52', '2018-03-23 16:13:52'),
(98, 11, 'Miracle Rowe', 'Facilis doloribus sint laborum quia aperiam aut. Ut qui commodi consequatur molestiae. Sed possimus delectus voluptas assumenda ex iusto sequi. Quis earum qui quia dicta quia soluta laboriosam.', 0, '2018-03-23 16:13:52', '2018-03-23 16:13:52'),
(99, 50, 'Candace Thompson', 'Earum magni quas impedit asperiores eaque culpa necessitatibus quod. Dolor et placeat nisi quaerat quia rerum quo labore. Quis quod quasi aut quibusdam ut eaque deleniti.', 5, '2018-03-23 16:13:52', '2018-03-23 16:13:52'),
(100, 38, 'Miss Mabelle Jerde MD', 'Error soluta voluptatem qui porro totam. Reprehenderit eum aut qui ut sunt qui. Ut consequuntur enim sit vel deleniti at.', 3, '2018-03-23 16:13:53', '2018-03-23 16:13:53'),
(101, 6, 'Mr. Jadon Ondricka IV', 'Optio facilis quia est autem eos eveniet. Eveniet eum quos alias et. Perferendis quia maxime ut est.', 5, '2018-03-23 16:13:53', '2018-03-23 16:13:53'),
(102, 33, 'Prof. Vito Lynch Jr.', 'Et velit ea voluptatem dolores suscipit expedita. Aut quia id iusto asperiores.', 1, '2018-03-23 16:13:53', '2018-03-23 16:13:53'),
(103, 19, 'Chloe Heidenreich', 'Neque quae cumque sapiente omnis at porro. Repudiandae hic quia doloremque nemo. Dolor est aut sequi autem quisquam. Voluptate architecto repellendus optio alias.', 0, '2018-03-23 16:13:53', '2018-03-23 16:13:53'),
(104, 29, 'Sven Berge', 'Qui et possimus quia architecto quod. Fugiat ut perspiciatis voluptatem odit exercitationem laboriosam ipsum similique. Minima unde laboriosam sit in. Ab voluptas at sequi.', 0, '2018-03-23 16:13:53', '2018-03-23 16:13:53'),
(105, 5, 'Dr. Kristofer Keeling III', 'Ut vitae facere dolor voluptatibus ex. Et omnis eveniet minima quos sapiente. Placeat magni ea fuga amet libero. Fuga magni qui soluta sed est ut.', 5, '2018-03-23 16:13:53', '2018-03-23 16:13:53'),
(106, 44, 'Cielo Volkman', 'Voluptas ut exercitationem excepturi ut et. Sed dolor cumque veritatis accusantium. Voluptatum dolorem rerum ut odio ipsam et.', 5, '2018-03-23 16:13:53', '2018-03-23 16:13:53'),
(107, 45, 'Clemens Beer DVM', 'Omnis nemo error et nihil eum molestias atque dolor. Cupiditate quasi molestiae aut. Repudiandae iste odio labore omnis optio ut et.', 5, '2018-03-23 16:13:53', '2018-03-23 16:13:53'),
(108, 14, 'Faye Monahan', 'Odit totam molestiae occaecati aliquid consectetur. Praesentium modi et quia. Voluptatum quia ut enim sunt.', 1, '2018-03-23 16:13:53', '2018-03-23 16:13:53'),
(109, 23, 'Mathew D\'Amore', 'Incidunt et sed eius quia. Molestiae nesciunt distinctio omnis ipsum natus. Voluptatem eum deserunt ipsum magnam illo dolorem labore.', 3, '2018-03-23 16:13:53', '2018-03-23 16:13:53'),
(110, 49, 'Berneice Ullrich', 'Aut voluptas impedit itaque eaque nihil dicta aut. Quia quaerat aspernatur possimus perspiciatis quas odit. Aut natus ad iure asperiores quibusdam voluptates rerum voluptatem. Pariatur repellat modi earum et natus.', 3, '2018-03-23 16:13:53', '2018-03-23 16:13:53'),
(111, 28, 'Porter Mraz', 'Voluptatum est ab sequi illum nostrum tempora minima ab. Velit aut officiis dolorem dolorem. Voluptatem voluptatem atque quasi asperiores quia modi est ad. Deleniti ipsum deleniti animi odio omnis sed.', 5, '2018-03-23 16:13:53', '2018-03-23 16:13:53'),
(112, 15, 'Julius Hermiston III', 'Vero ratione sit est vel non veniam. Distinctio aut aut et quisquam quidem accusamus. Ab dicta ullam nulla.', 1, '2018-03-23 16:13:53', '2018-03-23 16:13:53'),
(113, 29, 'Crawford Wunsch', 'Culpa voluptas saepe quia quis repudiandae praesentium et. Voluptatem maxime facilis dolorem perspiciatis et ea dicta. Et similique sequi architecto laborum. Aliquam id at aut voluptas.', 1, '2018-03-23 16:13:53', '2018-03-23 16:13:53'),
(114, 44, 'Mrs. Eugenia Stamm PhD', 'Sed et harum autem labore voluptatum non. Provident et et nihil ea. Ab nemo accusamus et nihil vero ullam ipsam sint.', 3, '2018-03-23 16:13:53', '2018-03-23 16:13:53'),
(115, 8, 'Dr. Oswaldo Rowe', 'Veniam tempora voluptatem sunt. Delectus nam voluptas dolorem ea nulla ducimus.', 0, '2018-03-23 16:13:53', '2018-03-23 16:13:53'),
(116, 45, 'Dr. Melissa Predovic', 'Nesciunt qui asperiores eos repellendus. Aut itaque voluptatem sint rerum. Asperiores dolor et sit numquam. Quasi expedita facilis vero eaque rem rerum asperiores.', 3, '2018-03-23 16:13:53', '2018-03-23 16:13:53'),
(117, 13, 'Clemens Carroll', 'Accusamus et quisquam officiis accusantium ipsa repellat. Qui deserunt et ipsum quo illum. Officiis voluptatem magnam nostrum et quis id dolores.', 2, '2018-03-23 16:13:53', '2018-03-23 16:13:53'),
(118, 28, 'Susana Goldner', 'Qui id enim esse commodi. Assumenda nemo aut omnis praesentium magnam optio.', 2, '2018-03-23 16:13:53', '2018-03-23 16:13:53'),
(119, 19, 'Brannon Kassulke PhD', 'Neque in debitis laudantium nostrum. Reiciendis dolores et commodi doloremque minus placeat dolorum.', 5, '2018-03-23 16:13:54', '2018-03-23 16:13:54'),
(120, 12, 'Gladyce Runolfsdottir I', 'Veniam minus est adipisci voluptate necessitatibus. Velit consectetur ad ducimus quod. Ut et ad voluptatem sunt.', 1, '2018-03-23 16:13:54', '2018-03-23 16:13:54'),
(121, 29, 'Dr. Trystan Von V', 'Ut aut excepturi ut quia impedit autem odio. Sint dolore quia similique veniam. Qui soluta non ullam corporis laudantium maiores et.', 0, '2018-03-23 16:13:54', '2018-03-23 16:13:54'),
(122, 7, 'Prof. Susan Kuvalis', 'At est quo nostrum. Natus rerum quam reprehenderit reprehenderit minima nesciunt quam. Molestias sint animi consequatur praesentium consequatur voluptatem ab sequi. Nisi iure eligendi itaque placeat. Et consequatur fugit ut impedit quaerat velit.', 4, '2018-03-23 16:13:54', '2018-03-23 16:13:54'),
(123, 4, 'Ines Marquardt', 'Dolorum aliquid inventore et. Corrupti quidem laborum pariatur earum magnam. Omnis maxime quos dolor. Nihil accusamus incidunt et porro id quis et.', 4, '2018-03-23 16:13:54', '2018-03-23 16:13:54'),
(124, 6, 'Haylee Heidenreich', 'Repudiandae quia excepturi consequuntur fugiat ea omnis. Dolore maxime sed sint explicabo excepturi pariatur et. Ut facere qui quae voluptatem. Quod ut impedit ex quos non harum. Soluta fuga veritatis ipsa dolores.', 2, '2018-03-23 16:13:54', '2018-03-23 16:13:54'),
(125, 3, 'Sally Collier', 'Delectus ipsam sint maxime quaerat molestiae tempore ullam. Reiciendis nesciunt debitis voluptatem tempora impedit iusto distinctio. Labore commodi rerum eligendi tempora inventore vero reprehenderit. Aut nam ullam amet odio autem.', 4, '2018-03-23 16:13:54', '2018-03-23 16:13:54'),
(126, 4, 'Arlene Schmitt', 'Sit doloribus qui aut pariatur suscipit. Tenetur et ullam voluptatem occaecati. Asperiores repudiandae voluptatem ullam velit adipisci molestiae aut earum.', 3, '2018-03-23 16:13:54', '2018-03-23 16:13:54'),
(127, 47, 'Dr. Bridget Tromp III', 'Maxime dicta culpa cumque sed vero ea iste aperiam. Pariatur repellendus laudantium dolores iste quaerat accusantium voluptas. Explicabo rerum hic et ut animi.', 1, '2018-03-23 16:13:54', '2018-03-23 16:13:54'),
(128, 43, 'Terence Marquardt', 'Asperiores molestiae illum officia expedita aut. Praesentium eos eum laudantium ea voluptates error. Sit est laborum deserunt sit iusto consequatur iure. Veritatis harum qui non quam quod dolores animi.', 3, '2018-03-23 16:13:54', '2018-03-23 16:13:54'),
(129, 11, 'Mr. Noah Schultz DDS', 'Dolorem ut qui magni et et quas. Doloremque ducimus temporibus consequatur eligendi est. Quos enim magni autem ex sapiente. Veniam odio qui hic ullam hic laborum. Occaecati consectetur ut voluptas iste.', 5, '2018-03-23 16:13:54', '2018-03-23 16:13:54'),
(130, 43, 'Tobin Pacocha', 'Perspiciatis eveniet iusto sint. Sed et at alias consequatur eum porro nihil sit. Ullam beatae quaerat nesciunt magnam iure voluptatem est.', 5, '2018-03-23 16:13:54', '2018-03-23 16:13:54'),
(131, 17, 'Ken Beahan II', 'Porro vitae magnam quod et nihil suscipit. Autem ea sunt quo nisi voluptate. Iusto qui molestiae sunt ab atque et libero.', 2, '2018-03-23 16:13:54', '2018-03-23 16:13:54'),
(132, 31, 'Ms. Ernestina Langosh I', 'Veniam dicta fugiat laboriosam praesentium recusandae et. Quia eum nam excepturi omnis distinctio. Id quia est eveniet voluptatum qui facere totam.', 3, '2018-03-23 16:13:54', '2018-03-23 16:13:54'),
(133, 3, 'Sanford Blick', 'Voluptas voluptatum sed sed nulla necessitatibus ipsum animi. Quis accusamus quia voluptatem aut reprehenderit. Quia ex reiciendis dolor delectus ipsa sunt mollitia.', 4, '2018-03-23 16:13:54', '2018-03-23 16:13:54'),
(134, 33, 'Vicky Armstrong MD', 'Sequi quis eaque necessitatibus. Explicabo accusantium ipsam fuga ut iste accusamus vitae. Minus nulla est dolores est sapiente.', 4, '2018-03-23 16:13:54', '2018-03-23 16:13:54'),
(135, 36, 'Prof. Blaise Cummerata', 'Hic expedita quae soluta dolorem eos. Quam error quia et qui quam. Animi totam omnis voluptatum sapiente possimus.', 4, '2018-03-23 16:13:54', '2018-03-23 16:13:54'),
(136, 2, 'Jillian Abbott', 'Ea nulla adipisci et cum sint voluptas. Est et odio aspernatur consequatur officiis quia. Voluptate ut quam placeat minima consequatur.', 5, '2018-03-23 16:13:54', '2018-03-23 16:13:54'),
(137, 32, 'Hildegard Thompson', 'Ipsa corrupti quo nesciunt temporibus est. Sint voluptatem qui natus atque consequatur voluptates. Harum occaecati fuga rerum.', 2, '2018-03-23 16:13:54', '2018-03-23 16:13:54'),
(138, 43, 'Edgar Reichel', 'Nulla et quo nesciunt non enim. Magnam dolore laudantium ipsa. Rerum dolores delectus in laudantium est. In perspiciatis corporis consequatur commodi maxime enim.', 1, '2018-03-23 16:13:54', '2018-03-23 16:13:54'),
(139, 2, 'Aubrey Gulgowski PhD', 'Enim eius et eius possimus est. Nobis blanditiis corporis hic ullam corporis error ut. Sapiente sequi commodi veniam accusantium nihil sit. Quibusdam eos quas nesciunt minus distinctio.', 3, '2018-03-23 16:13:55', '2018-03-23 16:13:55'),
(140, 20, 'Dr. Meggie Kiehn V', 'Qui cum sit deleniti quibusdam et sit sed. Magnam quo autem ab maxime. Consequatur enim velit possimus. Sit quam impedit repudiandae doloribus atque labore quos.', 0, '2018-03-23 16:13:55', '2018-03-23 16:13:55'),
(141, 13, 'Mikel Stehr', 'Fugit minus consectetur perspiciatis suscipit dolores sunt. Dolorum vel similique dolore odio qui. Dolorum suscipit quia repellendus.', 4, '2018-03-23 16:13:55', '2018-03-23 16:13:55'),
(142, 15, 'Jarrell Farrell', 'Aut vel earum aut expedita. Sapiente aut quisquam est id nam ex nihil. Ut impedit ullam et sed. Aliquid quas magnam amet quos ut.', 3, '2018-03-23 16:13:55', '2018-03-23 16:13:55'),
(143, 41, 'Garry Purdy', 'Dolore repudiandae non consequatur at ut veritatis. Itaque qui quod consequatur et aliquid adipisci voluptates. Doloremque necessitatibus rerum reprehenderit voluptatem hic necessitatibus eos.', 1, '2018-03-23 16:13:55', '2018-03-23 16:13:55'),
(144, 45, 'Crystel Bogisich', 'Natus illum veritatis commodi qui. Suscipit mollitia quia consequatur recusandae sed enim iusto excepturi. Repellendus provident omnis aut ipsa cupiditate est. Quis quia ex omnis itaque velit velit sint.', 5, '2018-03-23 16:13:55', '2018-03-23 16:13:55'),
(145, 49, 'Ms. Caterina Considine DDS', 'Laboriosam facilis aperiam mollitia consectetur et. Quam et esse velit voluptatem magnam tempora. Nemo quis exercitationem cum vel blanditiis. Nisi dolorem cupiditate animi quibusdam.', 4, '2018-03-23 16:13:55', '2018-03-23 16:13:55'),
(146, 22, 'Darius Ruecker', 'Voluptatem voluptates facere aut id velit aut et. Dolores ipsum occaecati sint totam. Aperiam eveniet perspiciatis suscipit veritatis ut.', 5, '2018-03-23 16:13:55', '2018-03-23 16:13:55'),
(147, 38, 'Reina Stanton II', 'Veniam voluptatibus aut velit voluptas ut. Qui accusamus vitae nihil veritatis sit. Voluptas hic consequatur nihil. Voluptatem eaque fugit sunt repellat occaecati facere laborum.', 2, '2018-03-23 16:13:55', '2018-03-23 16:13:55'),
(148, 20, 'Louie Bayer', 'In sapiente vel sit itaque. Officiis beatae ut voluptatibus corrupti est ut sed. Corrupti doloremque eius nihil mollitia accusamus eligendi. Id aut ut sit.', 3, '2018-03-23 16:13:55', '2018-03-23 16:13:55'),
(149, 28, 'Miss Isabella Jenkins DVM', 'Labore sed commodi qui nobis eius et. Qui laboriosam ut deleniti illum. Accusamus minus at adipisci animi distinctio ullam quia. Eius et id asperiores voluptatum illum aliquid. Laboriosam et aut vel neque voluptatum.', 4, '2018-03-23 16:13:55', '2018-03-23 16:13:55'),
(150, 16, 'Dejon Fisher', 'Quia neque velit adipisci dicta ducimus doloremque nam. Perferendis ex autem molestiae eligendi sint molestias. Harum esse et quod quo non inventore illo cumque.', 0, '2018-03-23 16:13:55', '2018-03-23 16:13:55'),
(151, 14, 'Dr. Giovani Carter', 'Pariatur asperiores debitis voluptatibus fugit molestias. Vitae omnis expedita eum veniam deserunt dolorum dignissimos.', 4, '2018-03-23 16:13:55', '2018-03-23 16:13:55'),
(152, 15, 'Madison Cummerata', 'Neque illum sunt qui sapiente. Voluptatem dicta quae rem tempora sint. Dolores et est porro asperiores iste autem. Aperiam eligendi molestiae dolore et aliquid consectetur culpa.', 0, '2018-03-23 16:13:55', '2018-03-23 16:13:55'),
(153, 32, 'Xzavier Rosenbaum', 'Adipisci fuga aut sunt nisi assumenda pariatur quos. Quod dolorem voluptatibus iusto. Neque voluptas rerum illo ut sed repellendus deleniti qui. Amet ab nulla ipsum pariatur et quibusdam qui est. At minus eligendi est sapiente eveniet minus.', 4, '2018-03-23 16:13:55', '2018-03-23 16:13:55'),
(154, 1, 'Ms. Verla Shields MD', 'Iure eaque odio fuga et hic. Quisquam atque molestiae quidem placeat. Voluptas exercitationem quia architecto incidunt consectetur.', 4, '2018-03-23 16:13:55', '2018-03-23 16:13:55'),
(155, 19, 'Nayeli Marquardt V', 'Voluptatem itaque et incidunt nam adipisci mollitia. Error numquam voluptatem assumenda ea. Quis eum eum molestiae est sequi rerum et. Quis veritatis commodi sit autem et eius voluptatem.', 4, '2018-03-23 16:13:55', '2018-03-23 16:13:55'),
(156, 2, 'Jaydon Erdman Sr.', 'Qui tenetur et quisquam voluptas qui est. Ut nulla sit hic. Odio id et velit et. Voluptatem et impedit est aut odio dolore.', 4, '2018-03-23 16:13:55', '2018-03-23 16:13:55'),
(157, 23, 'Mossie Flatley', 'Repellendus ea amet ut earum magnam. Corporis autem fuga non laboriosam nesciunt. Et itaque molestias debitis similique animi dicta quis.', 0, '2018-03-23 16:13:55', '2018-03-23 16:13:55'),
(158, 45, 'Millie Jacobi', 'Itaque voluptatem aut commodi. Eum voluptates aliquid qui et sit veritatis. Blanditiis architecto in quia voluptas officia est. Molestiae autem esse soluta adipisci ut quae consequatur.', 5, '2018-03-23 16:13:55', '2018-03-23 16:13:55'),
(159, 17, 'Antone Monahan', 'Dolorem consectetur adipisci dolorem non impedit nesciunt. Maiores aliquid rerum cupiditate. Maxime voluptate eum dolorum nobis aut laborum.', 5, '2018-03-23 16:13:56', '2018-03-23 16:13:56'),
(160, 8, 'Terrill Bartoletti', 'Totam architecto neque modi provident quae totam. Consequatur pariatur ad ullam autem. Nesciunt enim dolor illum sequi. Voluptatem voluptate autem quo enim est.', 2, '2018-03-23 16:13:56', '2018-03-23 16:13:56'),
(161, 43, 'Willis Satterfield', 'Officiis omnis unde vero ad atque velit quidem quia. Rerum et vel ullam iste minima voluptatem voluptatem aut.', 2, '2018-03-23 16:13:56', '2018-03-23 16:13:56'),
(162, 19, 'Gwendolyn Heidenreich', 'Illo blanditiis quisquam architecto blanditiis culpa sunt. Aut eveniet est blanditiis similique officia voluptates in in. Recusandae fugit nesciunt in vitae consectetur aut. Sit consequuntur molestiae doloremque nulla aut.', 5, '2018-03-23 16:13:56', '2018-03-23 16:13:56'),
(163, 40, 'Dr. Skye Nicolas', 'Sunt corporis quaerat ipsa. Beatae itaque sunt aliquid nisi sequi numquam corrupti ut. Placeat debitis ipsum sit aut et molestiae alias illum.', 1, '2018-03-23 16:13:56', '2018-03-23 16:13:56'),
(164, 44, 'Ward Toy', 'Aspernatur unde perferendis vel nihil. Ad animi sunt provident et pariatur reprehenderit a facilis. Quibusdam facilis et quo sed repellat qui dolorum sed.', 4, '2018-03-23 16:13:56', '2018-03-23 16:13:56'),
(165, 26, 'Branson Krajcik', 'Eius rerum est iure incidunt alias velit ut. Qui omnis non eos. Rem et enim magnam atque. Est architecto voluptate et est. Ut est id dolore rerum.', 4, '2018-03-23 16:13:56', '2018-03-23 16:13:56'),
(166, 16, 'Celia Parker', 'Totam nostrum qui reiciendis tempora adipisci dolore est in. Dolorum in sapiente eligendi nam quia aspernatur. Cum ipsum quis aut similique aliquam minus. Est ipsam aut debitis facere. Facere molestiae eligendi enim accusantium labore voluptates.', 1, '2018-03-23 16:13:56', '2018-03-23 16:13:56'),
(167, 8, 'Danielle Bailey', 'Eos doloremque dolores ipsum asperiores similique molestias distinctio facilis. Culpa ea impedit nostrum sed eum. Alias molestiae minima est vero.', 4, '2018-03-23 16:13:56', '2018-03-23 16:13:56'),
(168, 25, 'Kirstin Jones', 'Sint vitae delectus eligendi ut consequatur vitae provident. Accusantium reiciendis sunt deserunt sed. Repellat ipsam quo asperiores cumque dolorem autem magni.', 1, '2018-03-23 16:13:56', '2018-03-23 16:13:56'),
(169, 44, 'Pete Gerhold', 'Nesciunt eos reiciendis esse animi veniam. Sed sed doloremque quod.', 1, '2018-03-23 16:13:56', '2018-03-23 16:13:56'),
(170, 32, 'Theo Kessler', 'Velit tempora harum tempora eos id ut. Eius in natus atque id autem. Rerum omnis dicta et nam voluptatem. Velit et accusamus consequuntur qui quisquam ut qui. Eos exercitationem quos est quis quia.', 0, '2018-03-23 16:13:56', '2018-03-23 16:13:56'),
(171, 3, 'Marilie Prohaska', 'Temporibus commodi suscipit dolorum doloremque ut quibusdam pariatur. Voluptas consectetur doloremque asperiores error suscipit exercitationem vero ad. Rerum facere velit magnam saepe. Maiores facilis et est sapiente fugiat commodi omnis. Voluptatem est earum sit est facere itaque enim.', 5, '2018-03-23 16:13:56', '2018-03-23 16:13:56'),
(172, 44, 'Dave Koss', 'Dolores est voluptate nam autem sed eum maiores. Similique ut consequatur cumque voluptates enim ratione. Non itaque non eius.', 5, '2018-03-23 16:13:56', '2018-03-23 16:13:56'),
(173, 14, 'Astrid Huel', 'Sunt atque eos mollitia accusamus et pariatur. Quasi quasi cum nisi ut qui quam ut. Ab aut iusto quis accusamus. Illo ut similique asperiores quibusdam sit aut earum dicta.', 2, '2018-03-23 16:13:56', '2018-03-23 16:13:56'),
(174, 40, 'Irving Larson IV', 'Quia similique omnis maiores nobis quam fuga deserunt dicta. Id ratione et odit nihil delectus omnis sapiente. Eius iure cum dicta necessitatibus.', 2, '2018-03-23 16:13:56', '2018-03-23 16:13:56'),
(175, 42, 'Prof. Itzel Hintz MD', 'Quia culpa ea eveniet itaque itaque ducimus ut. Rerum dolore unde ea. Libero quibusdam doloremque ducimus vel et velit. Est vero voluptas sapiente maiores sunt laudantium reprehenderit.', 1, '2018-03-23 16:13:56', '2018-03-23 16:13:56'),
(176, 9, 'Leilani Gerhold', 'Et nemo dolore omnis vero facere iste voluptatem. Provident id voluptatem dolorem natus esse possimus. Et totam omnis assumenda aut in consequatur eum. Eos necessitatibus doloremque eum molestiae.', 1, '2018-03-23 16:13:57', '2018-03-23 16:13:57'),
(177, 19, 'Johnson Blick', 'Voluptate rerum reprehenderit qui nihil sunt. Id quos voluptatum ipsum animi culpa. Id atque ad repellendus aliquid.', 0, '2018-03-23 16:13:57', '2018-03-23 16:13:57'),
(178, 33, 'Alden Gleichner', 'Praesentium consequatur sint nostrum et cupiditate omnis. Architecto ratione laboriosam enim est similique. Vel corrupti est nesciunt est aut unde. Magnam aut dolor culpa aperiam architecto quia.', 4, '2018-03-23 16:13:57', '2018-03-23 16:13:57'),
(179, 26, 'Pete Smitham', 'Et dolores fugit aperiam blanditiis veniam. Nam earum consequatur reiciendis dolores. Praesentium voluptatem autem quasi sunt magni ut et.', 1, '2018-03-23 16:13:57', '2018-03-23 16:13:57'),
(180, 5, 'Hiram Aufderhar', 'Adipisci minus sint inventore recusandae temporibus consequatur. Quia expedita et dolor nobis nostrum consectetur. Rem qui deserunt aut dolor ut illo. Asperiores repellat est ut omnis. Incidunt nihil doloribus voluptatem at.', 0, '2018-03-23 16:13:57', '2018-03-23 16:13:57'),
(181, 23, 'Thelma Rippin', 'Libero est iste iusto eaque amet officiis. Voluptatum et quia eaque eaque aut excepturi autem. Voluptas perferendis amet repellat animi. Et qui occaecati incidunt nobis optio enim nemo.', 2, '2018-03-23 16:13:57', '2018-03-23 16:13:57'),
(182, 38, 'Marvin Nicolas', 'Et doloribus aspernatur quibusdam ut. Recusandae minus iusto vitae at. Dicta id quo alias hic.', 1, '2018-03-23 16:13:57', '2018-03-23 16:13:57'),
(183, 42, 'Meggie Hills', 'Sint quia voluptates asperiores consequatur dicta laudantium deleniti. Quod quod error qui est illo voluptas error nemo. Soluta totam reprehenderit in quidem natus.', 4, '2018-03-23 16:13:57', '2018-03-23 16:13:57'),
(184, 7, 'Zola Cartwright', 'Dolor molestiae repudiandae consequatur voluptate eos tenetur. Earum molestiae velit unde ratione velit alias vel officiis. Enim in autem distinctio sed sint consequatur aliquid.', 3, '2018-03-23 16:13:57', '2018-03-23 16:13:57'),
(185, 48, 'Prof. Jeramie Boehm', 'Soluta nulla hic vitae voluptatum molestiae. Similique expedita odio in dolore sequi vel laudantium.', 4, '2018-03-23 16:13:57', '2018-03-23 16:13:57'),
(186, 27, 'Miss Tianna Ratke III', 'Nihil corporis omnis perferendis dolorem optio. Hic sunt distinctio nihil est nulla quo. Vitae ipsum et voluptate velit eligendi facere.', 2, '2018-03-23 16:13:57', '2018-03-23 16:13:57'),
(187, 2, 'Laurie Hagenes PhD', 'Rerum itaque est omnis error sed ut ab. Ea nihil sed ipsam laboriosam doloremque quae ipsam nihil. Voluptas omnis non deserunt exercitationem sint.', 0, '2018-03-23 16:13:57', '2018-03-23 16:13:57'),
(188, 26, 'Aglae Rempel', 'Quae molestias sint velit. Libero sed ut id exercitationem voluptas. Neque voluptas blanditiis commodi voluptatibus.', 1, '2018-03-23 16:13:57', '2018-03-23 16:13:57'),
(189, 26, 'Rhoda Lakin DVM', 'Ex sunt facere vero culpa. Laboriosam et unde amet dolorem hic eos sint. Aut ullam adipisci numquam et.', 0, '2018-03-23 16:13:57', '2018-03-23 16:13:57'),
(190, 11, 'Myra Ferry MD', 'Molestiae eos laboriosam excepturi explicabo repellendus quasi. Dolore eius voluptatum ratione et eum assumenda sequi. Odio et doloremque velit cum sed. Quo ipsa mollitia qui eligendi id accusantium. Dolores nihil occaecati sint consequuntur placeat aut.', 2, '2018-03-23 16:13:57', '2018-03-23 16:13:57'),
(191, 43, 'Elliot McDermott', 'Rerum odio error ducimus nostrum odit aut id debitis. A dolore sit veniam. Facere aut atque facilis. Voluptatum iusto quis eaque laborum.', 1, '2018-03-23 16:13:57', '2018-03-23 16:13:57'),
(192, 17, 'Dr. Elvis Deckow', 'Et praesentium eaque iste quia vitae. Et rerum voluptatibus amet excepturi ut laboriosam excepturi. Veritatis et quo quis neque repellat facere. Sit ipsam iure sed sit. Iure velit ea voluptatum.', 1, '2018-03-23 16:13:57', '2018-03-23 16:13:57'),
(193, 2, 'Mr. Delmer Nader V', 'Est consectetur illum nemo est. Facere rerum omnis corporis odit. Cum quidem aut quam enim cum omnis. Et at quibusdam architecto nulla tenetur iusto.', 2, '2018-03-23 16:13:57', '2018-03-23 16:13:57'),
(194, 43, 'Garrison Ziemann', 'Voluptate eum sit totam. Veritatis expedita accusamus corrupti iure eum enim. Ipsam necessitatibus officiis voluptatum quia officia omnis voluptatem.', 1, '2018-03-23 16:13:58', '2018-03-23 16:13:58'),
(195, 37, 'Dr. Ezequiel Schmitt DVM', 'Cumque doloribus sunt in officiis animi in. Rerum ut voluptas vel sint. Magnam voluptatem temporibus magnam quisquam fugit.', 0, '2018-03-23 16:13:58', '2018-03-23 16:13:58'),
(196, 43, 'Itzel Fay', 'Architecto omnis voluptatem assumenda in sunt aut optio voluptatem. Ipsa reiciendis necessitatibus nulla deleniti modi. Suscipit natus et esse et. Velit quam facilis voluptas provident accusamus. Voluptatem sed inventore debitis voluptatem illum consequatur doloribus quod.', 1, '2018-03-23 16:13:58', '2018-03-23 16:13:58'),
(197, 16, 'Neoma Schowalter', 'Sunt omnis fuga omnis veritatis eaque. Aut nemo aut omnis corrupti quia non ex.', 4, '2018-03-23 16:13:58', '2018-03-23 16:13:58'),
(198, 15, 'Mr. Filiberto Bailey V', 'Dolore consequatur et cum voluptas. In corporis fugit libero est laborum error dignissimos. Quo perspiciatis quia ratione quisquam occaecati.', 0, '2018-03-23 16:13:58', '2018-03-23 16:13:58'),
(199, 17, 'Dena Kshlerin', 'Id et veniam et modi a dicta ipsa totam. Nulla explicabo eius ut commodi facilis rerum necessitatibus. Repudiandae porro odio aut sint numquam quod velit. Quasi esse ut voluptates.', 2, '2018-03-23 16:13:58', '2018-03-23 16:13:58'),
(200, 30, 'Cameron Miller', 'Dolores sunt corrupti sit sunt. Ipsum fugiat neque totam maiores. Qui odio quisquam veritatis ut. Sint molestiae id modi dolores nostrum laudantium porro.', 1, '2018-03-23 16:13:58', '2018-03-23 16:13:58'),
(201, 5, 'Camylle Parisian DVM', 'Perspiciatis quia corporis perferendis ut sed. Ipsum est perferendis veritatis unde ut voluptas reiciendis. Eaque nulla maxime vel a.', 3, '2018-03-23 16:13:58', '2018-03-23 16:13:58'),
(202, 12, 'Ervin Spinka', 'Necessitatibus ex rem et voluptatem ducimus. Qui illum veritatis voluptates ea ea sed quis. Voluptas beatae ut non dolor inventore.', 3, '2018-03-23 16:13:58', '2018-03-23 16:13:58'),
(203, 47, 'Asha Smith', 'Recusandae sapiente minus molestiae ea rerum est sit. Voluptatem officiis et omnis ea eius expedita. Eum quaerat inventore sed porro culpa ea et.', 1, '2018-03-23 16:13:58', '2018-03-23 16:13:58'),
(204, 23, 'Ms. Audie Kreiger', 'Laudantium qui dolores exercitationem autem mollitia officiis. Porro accusantium quo molestias et accusamus est. Pariatur sed iure architecto ut.', 1, '2018-03-23 16:13:58', '2018-03-23 16:13:58'),
(205, 39, 'Lloyd Stoltenberg', 'Assumenda quo porro ut perferendis eos. Et perspiciatis non consequatur veniam. Quaerat debitis inventore blanditiis.', 2, '2018-03-23 16:13:58', '2018-03-23 16:13:58'),
(206, 43, 'Nestor Marquardt', 'Enim aut sit aspernatur blanditiis voluptatum similique et. Commodi dicta quibusdam consectetur culpa. Perferendis voluptatibus harum et perferendis quia quas dolorem eum.', 3, '2018-03-23 16:13:58', '2018-03-23 16:13:58'),
(207, 19, 'Anjali Gusikowski', 'Odit aut quae nulla quaerat aut est modi. Reprehenderit sit voluptates voluptas ipsam id sit. Dicta sed nobis mollitia consequuntur aut soluta unde itaque.', 1, '2018-03-23 16:13:58', '2018-03-23 16:13:58'),
(208, 21, 'Ford Koelpin', 'Deserunt delectus quasi eveniet ut. Officia accusantium quis architecto atque asperiores. Accusamus impedit excepturi quos et. Nemo iste maiores et voluptas doloremque aut.', 3, '2018-03-23 16:13:58', '2018-03-23 16:13:58'),
(209, 37, 'Otis Cormier Sr.', 'Alias autem tempora qui quia fugiat voluptate qui aut. Repellat odio eaque nulla. Molestiae aut eos voluptatem iste sint earum nulla placeat. Consequatur nam minus amet libero.', 1, '2018-03-23 16:13:58', '2018-03-23 16:13:58'),
(210, 44, 'Misty Kris', 'Repellendus officia debitis blanditiis non culpa nobis dicta. Aliquam voluptatem vel rerum molestias sint id beatae. Voluptatibus quibusdam possimus tempore quis sit nostrum.', 5, '2018-03-23 16:13:58', '2018-03-23 16:13:58');
INSERT INTO `reviews` (`id`, `product_id`, `customer`, `review`, `star`, `created_at`, `updated_at`) VALUES
(211, 31, 'Ms. Ivah McCullough', 'Corporis quis sint ex nulla quo iusto maxime quasi. Sunt cupiditate cumque cum officiis id. Sit voluptatem velit illum at officiis. Occaecati tempora delectus provident consectetur.', 1, '2018-03-23 16:13:58', '2018-03-23 16:13:58'),
(212, 3, 'Richmond Lowe', 'Dolor ea aut provident atque omnis voluptatum. Et aut totam unde aliquam. Eius et facilis ex molestiae error quis. Tempora omnis qui fuga atque consequatur animi reprehenderit voluptatibus.', 2, '2018-03-23 16:13:59', '2018-03-23 16:13:59'),
(213, 30, 'Kitty Mayert', 'Odit odio provident labore iusto dolores. Non voluptas dicta quas aut ea velit facere quis. Totam vel optio quis tempore amet omnis totam.', 4, '2018-03-23 16:13:59', '2018-03-23 16:13:59'),
(214, 23, 'Diana Graham', 'Similique ea rerum sint nemo hic. Distinctio molestias officiis exercitationem modi. Harum ad odio architecto veritatis.', 4, '2018-03-23 16:13:59', '2018-03-23 16:13:59'),
(215, 24, 'Eldridge Blick', 'Fugiat voluptatum qui expedita qui eos ipsam qui ipsum. Impedit enim quis ipsa. Ullam quod qui perferendis ratione natus eaque modi.', 1, '2018-03-23 16:13:59', '2018-03-23 16:13:59'),
(216, 14, 'Roscoe Reynolds DDS', 'Atque dignissimos officiis eum dolor magni. Iure deleniti soluta iusto quae voluptatem sunt. Assumenda eum tenetur et ut labore dolorem et at. Sint vero iusto reprehenderit eaque vel impedit. Dolor iure quia blanditiis rem.', 5, '2018-03-23 16:13:59', '2018-03-23 16:13:59'),
(217, 28, 'Hazel Mayert', 'Vel voluptatem amet ut. Nostrum pariatur ea velit. Quidem consequatur et ut quo itaque doloremque fugit. Cum nesciunt possimus voluptas impedit et.', 2, '2018-03-23 16:13:59', '2018-03-23 16:13:59'),
(218, 29, 'Prof. Sean Mraz DDS', 'Pariatur quae aut est qui facere nihil temporibus maiores. Distinctio est a quo sit ex eveniet asperiores. Aut suscipit molestiae ipsum commodi quis. Alias deserunt consectetur illum.', 5, '2018-03-23 16:13:59', '2018-03-23 16:13:59'),
(219, 8, 'Enrique Padberg', 'Qui sapiente omnis ut fuga in assumenda. Sit minima iure illum doloremque neque vitae placeat at. Quas praesentium maxime non aperiam id non corporis.', 5, '2018-03-23 16:13:59', '2018-03-23 16:13:59'),
(220, 19, 'Kasey Bernhard', 'Et aut maiores fugit nihil deserunt sapiente et. Et aut rerum nemo error ipsum ut. Veniam perferendis recusandae qui consequuntur officiis.', 5, '2018-03-23 16:13:59', '2018-03-23 16:13:59'),
(221, 37, 'Brandy Mante', 'Distinctio ipsum est modi laborum qui. Placeat ad maiores sed fugit corrupti.', 1, '2018-03-23 16:13:59', '2018-03-23 16:13:59'),
(222, 29, 'Sven Cormier', 'Recusandae tempora rerum quas sint voluptatem blanditiis libero laborum. Odit reiciendis non est. Animi ut dolores et molestias incidunt in modi. Enim deserunt architecto quia. Dolorum eveniet vel repellat minima ut quos.', 0, '2018-03-23 16:13:59', '2018-03-23 16:13:59'),
(223, 33, 'Armando Hudson PhD', 'Deserunt accusantium voluptates praesentium provident sint in. Labore laboriosam assumenda porro asperiores. Exercitationem libero omnis non iusto neque. Expedita quaerat similique cupiditate officiis.', 5, '2018-03-23 16:13:59', '2018-03-23 16:13:59'),
(224, 38, 'Tamia Reilly', 'Omnis quia cumque quae. Illum corporis temporibus est iusto est accusantium quis nam.', 4, '2018-03-23 16:13:59', '2018-03-23 16:13:59'),
(225, 37, 'Jon Beier', 'Et dolor enim consectetur enim eveniet autem. Incidunt voluptatum sed neque perferendis. Esse sed animi corrupti quo quo.', 0, '2018-03-23 16:14:00', '2018-03-23 16:14:00'),
(226, 8, 'Gideon Raynor', 'Id delectus voluptatem qui quasi. Laborum ut hic nesciunt dolore. Aliquid amet quos nemo necessitatibus error assumenda. Ipsum ullam temporibus amet ut doloribus sed quae.', 4, '2018-03-23 16:14:00', '2018-03-23 16:14:00'),
(227, 46, 'Benton Kshlerin', 'Et maxime doloribus sed qui autem. Quia labore quo eum qui est.', 4, '2018-03-23 16:14:00', '2018-03-23 16:14:00'),
(228, 22, 'Mrs. Twila Heathcote DDS', 'Fugit sint dolor tempora enim. Autem voluptates porro alias esse sed quam amet. Dolorem rem architecto reprehenderit aut eum. Assumenda dolores aut doloremque et magnam natus. Commodi autem odio sit eveniet omnis.', 1, '2018-03-23 16:14:00', '2018-03-23 16:14:00'),
(229, 44, 'Pink Will', 'Eaque nesciunt debitis voluptatem. Reprehenderit voluptates corporis sequi modi perferendis corrupti. Veniam tempore laboriosam ut ut voluptatem sed quia. Sed fugit libero eius accusantium nostrum officia.', 1, '2018-03-23 16:14:00', '2018-03-23 16:14:00'),
(230, 11, 'Prof. Oscar Christiansen MD', 'Ullam iure aut fugit consequuntur quia nulla iste. Nemo quia eum quidem qui dolor unde. Sed ut eaque pariatur sint omnis. Eaque distinctio culpa omnis tempore qui deserunt autem voluptatem.', 3, '2018-03-23 16:14:00', '2018-03-23 16:14:00'),
(231, 6, 'Noe Langosh', 'Ut et corporis aut ratione enim sint nesciunt. Autem ut ipsam maxime ut fugiat. Doloremque optio sed commodi et in ipsum molestiae.', 1, '2018-03-23 16:14:00', '2018-03-23 16:14:00'),
(232, 43, 'Dr. Griffin Reichert DDS', 'Accusamus dolor aspernatur qui non aspernatur quibusdam. Repudiandae necessitatibus praesentium dolorem provident vel laborum autem. Corporis rerum quo vitae accusantium corrupti est dignissimos.', 0, '2018-03-23 16:14:00', '2018-03-23 16:14:00'),
(233, 17, 'Letha Cole', 'Debitis voluptas repudiandae iure aliquid dolorem qui. Beatae dolor molestiae quibusdam cumque. Voluptatem aliquid animi rerum quibusdam et. Recusandae omnis tempora quam rerum.', 0, '2018-03-23 16:14:00', '2018-03-23 16:14:00'),
(234, 19, 'Kellie Williamson', 'Veritatis possimus aut expedita. A nihil et dolorum consequuntur voluptates distinctio error aut.', 3, '2018-03-23 16:14:00', '2018-03-23 16:14:00'),
(235, 9, 'Declan Jacobi', 'Deserunt est tempore doloribus id quia est sed et. Cumque sit aut amet vero quia. Tempore hic tempora quibusdam aliquid unde ut.', 5, '2018-03-23 16:14:00', '2018-03-23 16:14:00'),
(236, 45, 'Delmer Bartoletti', 'Nostrum optio quia quia sunt cumque tempore distinctio. Suscipit est rerum praesentium et velit quam aspernatur. Ex quia ipsam error qui maxime qui. Mollitia dolor ipsa quis dolorem sapiente.', 5, '2018-03-23 16:14:00', '2018-03-23 16:14:00'),
(237, 42, 'Vita DuBuque MD', 'Qui illo voluptatem quibusdam maxime repellendus id. Nihil quo nulla in ab sapiente. Adipisci rerum accusamus voluptatibus. Sint incidunt ipsam adipisci sed sint.', 1, '2018-03-23 16:14:00', '2018-03-23 16:14:00'),
(238, 16, 'Constance Gutkowski', 'Voluptatem laudantium numquam eius nostrum minima qui velit. Error non dolorem sed amet sed tempora alias. Nihil neque qui dolorem optio provident impedit fugiat. Cumque harum non in.', 5, '2018-03-23 16:14:00', '2018-03-23 16:14:00'),
(239, 21, 'Prof. Josefa Renner', 'Voluptas assumenda provident perspiciatis consectetur soluta eum in et. Consequatur cum aliquid molestiae nisi ut magnam odio. Assumenda provident blanditiis architecto dolores. Nobis et modi voluptas voluptatem porro.', 0, '2018-03-23 16:14:00', '2018-03-23 16:14:00'),
(240, 14, 'Zena Kovacek III', 'Ut quod ut autem veniam. Voluptas libero mollitia rerum officia quis cum. Eum est ut tenetur et.', 1, '2018-03-23 16:14:00', '2018-03-23 16:14:00'),
(241, 28, 'Prof. Hiram Nicolas', 'Voluptas natus cupiditate voluptatem non sapiente. Illo eos quis dolor consequatur harum vitae perspiciatis totam. Enim quam perferendis voluptate rem.', 2, '2018-03-23 16:14:00', '2018-03-23 16:14:00'),
(242, 3, 'Lavinia Reinger PhD', 'Aperiam quaerat quis impedit eligendi quam et. Adipisci quis qui atque. Impedit laudantium asperiores labore aut.', 4, '2018-03-23 16:14:00', '2018-03-23 16:14:00'),
(243, 38, 'Llewellyn VonRueden', 'Sed atque cumque et vel cupiditate sint cumque. Harum qui laborum quae nemo. Modi dolores ab rem molestiae perferendis quis numquam.', 1, '2018-03-23 16:14:00', '2018-03-23 16:14:00'),
(244, 21, 'Karina Zboncak', 'Modi sunt facere porro eius. Voluptatem voluptate et nobis quo perspiciatis eligendi culpa. Atque voluptatibus magnam exercitationem suscipit. Aliquid quas amet quia illum voluptas.', 1, '2018-03-23 16:14:00', '2018-03-23 16:14:00'),
(245, 5, 'Prudence King', 'Laudantium eum eum laborum repellat. Itaque doloremque aliquid maxime voluptate. Sit et dolore harum ut id illo non.', 4, '2018-03-23 16:14:01', '2018-03-23 16:14:01'),
(246, 45, 'Dr. Alphonso Berge II', 'Illo nulla totam rerum et dolor et. Ullam atque ut similique dicta porro esse. Atque id et consequuntur sint voluptatem debitis. Ut voluptas nisi quibusdam neque.', 0, '2018-03-23 16:14:01', '2018-03-23 16:14:01'),
(247, 39, 'Mrs. Nadia McLaughlin Sr.', 'Vero labore ad distinctio officia culpa numquam aut. Illo et error aliquid reiciendis corporis quos. Cumque necessitatibus necessitatibus laboriosam totam quod mollitia quia.', 2, '2018-03-23 16:14:01', '2018-03-23 16:14:01'),
(248, 21, 'Prof. Lily Altenwerth MD', 'Qui voluptatem magni expedita et quas. Natus porro ducimus odit minus. Iure iure sint explicabo dolores qui. Quas quidem voluptatem sunt quo. Inventore officiis fuga iusto modi deleniti itaque accusantium itaque.', 1, '2018-03-23 16:14:01', '2018-03-23 16:14:01'),
(249, 11, 'Lavon Beer', 'Natus rem laboriosam ut aut. Commodi ab laboriosam sequi molestiae occaecati ratione. Eum nam aut consectetur earum sit sed.', 2, '2018-03-23 16:14:01', '2018-03-23 16:14:01'),
(250, 50, 'Vicky Stoltenberg II', 'Nihil totam facilis et non voluptatem. Neque non aliquam est. Totam non consequatur ipsam in perspiciatis quasi.', 2, '2018-03-23 16:14:01', '2018-03-23 16:14:01'),
(251, 43, 'Madyson Boyer Sr.', 'Magnam aliquid iste et rerum eos. Quas dolores sed ea voluptas et ratione ullam nobis. Modi et nisi ut cum qui. Laudantium debitis optio dignissimos. Quis aspernatur sint soluta omnis expedita velit.', 1, '2018-03-23 16:14:01', '2018-03-23 16:14:01'),
(252, 8, 'Dr. Clare Marquardt', 'Dolor a blanditiis enim voluptatem quia laborum ad. Voluptatem ad aut ut.', 0, '2018-03-23 16:14:01', '2018-03-23 16:14:01'),
(253, 36, 'Ms. Kristina Blick', 'Ex ea vel labore ratione aliquam voluptatem. Commodi explicabo officia itaque. Iste dolore culpa sequi sint sit consectetur id.', 1, '2018-03-23 16:14:01', '2018-03-23 16:14:01'),
(254, 33, 'Prof. Marisol Upton I', 'Dolor illo sit ducimus temporibus eos. Numquam consequatur sed nemo qui architecto et. Vero laboriosam magni autem rerum corporis et. Nemo culpa tempora ut praesentium aut commodi et. Repellendus alias et voluptatem iusto praesentium repellat.', 2, '2018-03-23 16:14:01', '2018-03-23 16:14:01'),
(255, 10, 'Wilfredo DuBuque', 'Similique iure qui expedita. Voluptatem itaque eum expedita culpa facilis. Enim nisi qui temporibus maiores.', 2, '2018-03-23 16:14:01', '2018-03-23 16:14:01'),
(256, 21, 'Dr. Margaret Cremin Jr.', 'At a vel et quia iusto possimus. Non quo velit deserunt omnis et quae. Laborum veritatis ipsa non amet minus temporibus qui.', 3, '2018-03-23 16:14:01', '2018-03-23 16:14:01'),
(257, 7, 'Dr. Keyshawn Hackett', 'Architecto nobis exercitationem et quisquam. Esse qui repudiandae voluptas commodi et. Libero vel sapiente blanditiis omnis quisquam dolore et.', 3, '2018-03-23 16:14:01', '2018-03-23 16:14:01'),
(258, 47, 'Prof. Madeline Wolff', 'Non ex numquam id iusto ipsa harum. Sint unde voluptatem voluptate quo aut velit velit ea. Nostrum inventore totam et eos. Velit aut laborum pariatur ad ut et.', 3, '2018-03-23 16:14:01', '2018-03-23 16:14:01'),
(259, 39, 'Dr. Amelie Windler', 'In sunt sed voluptatem asperiores reprehenderit. Blanditiis consequatur et dolores et voluptas consequatur natus qui. Consequatur aut veritatis facere architecto accusamus deleniti. Maxime earum est harum ipsum. Id voluptates similique repudiandae et ut voluptatem corporis provident.', 3, '2018-03-23 16:14:01', '2018-03-23 16:14:01'),
(260, 24, 'Dr. Charley Schaefer', 'Repellat nesciunt earum aliquid eum ea quis ea. Ab nam consectetur rerum atque nihil eum nisi omnis.', 4, '2018-03-23 16:14:01', '2018-03-23 16:14:01'),
(261, 27, 'Julius Shanahan', 'Nulla omnis dolore provident expedita. Hic nulla repellat qui commodi sapiente consequatur. Nam ex minima odit enim quo. Veniam excepturi sed culpa neque.', 3, '2018-03-23 16:14:01', '2018-03-23 16:14:01'),
(262, 42, 'Constance Muller', 'Voluptas dolores quibusdam temporibus ut nesciunt ex. Et alias voluptatem similique eveniet velit quaerat minus quia. Possimus accusamus est voluptas possimus accusantium.', 5, '2018-03-23 16:14:01', '2018-03-23 16:14:01'),
(263, 5, 'Estella Dare', 'Illo in aut quo inventore. Temporibus officia natus rerum optio. Dolores nesciunt in soluta pariatur vero velit velit. Laborum fugiat eaque illum exercitationem voluptas natus eum nostrum.', 1, '2018-03-23 16:14:01', '2018-03-23 16:14:01'),
(264, 50, 'Dexter Goodwin', 'Consequatur voluptate voluptatem qui molestiae nostrum consectetur. Quia voluptatem ipsum vero minus. Molestiae inventore praesentium minus.', 5, '2018-03-23 16:14:01', '2018-03-23 16:14:01'),
(265, 9, 'Prof. Keenan Rath MD', 'Ut et et quam quae rerum omnis rem. Autem voluptatum eveniet omnis eligendi. Sunt quidem facere placeat. Sint tempora qui et minus quod nostrum nihil.', 3, '2018-03-23 16:14:02', '2018-03-23 16:14:02'),
(266, 48, 'Bernadette Bernier', 'Unde quis dolor aut. Excepturi accusamus voluptas eaque placeat deserunt sit. Sed voluptates explicabo impedit excepturi. Enim expedita ab odio ducimus voluptate ex ex.', 4, '2018-03-23 16:14:02', '2018-03-23 16:14:02'),
(267, 33, 'Kacey Pouros', 'Est minus illum et repellat doloremque iure voluptas. Sed quis illo rerum eum. Quos amet quia voluptatum qui voluptate qui exercitationem. At nulla sint eum est. Voluptates ducimus voluptatem vitae reiciendis quis.', 1, '2018-03-23 16:14:02', '2018-03-23 16:14:02'),
(268, 49, 'Mr. Rolando Russel', 'Voluptatum quis officiis similique. Non temporibus quia et est voluptatem eum. Voluptatem enim ducimus occaecati. Provident expedita inventore magni facere.', 4, '2018-03-23 16:14:02', '2018-03-23 16:14:02'),
(269, 30, 'Maximilian Beier', 'Inventore dolorem rerum ut neque reprehenderit. Nulla perspiciatis quia explicabo facilis perspiciatis. Vitae qui enim corrupti omnis aut. Vitae quam sit est asperiores.', 5, '2018-03-23 16:14:02', '2018-03-23 16:14:02'),
(270, 11, 'Jamison Connelly', 'Assumenda ab quia expedita distinctio perferendis vero. Quod sunt maiores rem dignissimos ad reiciendis perferendis. Quia minima saepe et provident dolore.', 3, '2018-03-23 16:14:02', '2018-03-23 16:14:02'),
(271, 1, 'Amir Schuppe', 'Commodi quam eum et deserunt laudantium exercitationem porro. Itaque ex et necessitatibus recusandae et unde voluptatem. Saepe consequuntur accusantium soluta. Tenetur aut architecto rerum. Est quibusdam est qui deleniti est.', 2, '2018-03-23 16:14:02', '2018-03-23 16:14:02'),
(272, 35, 'Dr. Bobby Sanford MD', 'Pariatur voluptatibus ratione sit rerum nihil. Natus fuga tenetur rem repudiandae fuga voluptas asperiores. Veritatis hic rerum vel quasi quod tenetur. Iure qui deleniti rerum ut ab quia et.', 5, '2018-03-23 16:14:02', '2018-03-23 16:14:02'),
(273, 50, 'Leola Auer', 'Esse voluptates maiores qui odio voluptatibus. Omnis praesentium nihil minus error omnis numquam. Doloremque sit vel similique nam aut et. Tenetur id vero fuga nesciunt voluptas neque.', 5, '2018-03-23 16:14:02', '2018-03-23 16:14:02'),
(274, 5, 'Greg Gaylord', 'Et adipisci quasi dolore non doloribus sit sed dolores. Laborum ad hic hic ipsam consequatur et.', 1, '2018-03-23 16:14:02', '2018-03-23 16:14:02'),
(275, 28, 'Cale Kihn', 'Animi vero repellat aut ut temporibus eaque molestiae qui. Aut facilis dolorem quos explicabo laborum. Itaque doloribus est in iure eum sint qui. Rerum accusantium ipsum vel facere.', 3, '2018-03-23 16:14:02', '2018-03-23 16:14:02'),
(276, 40, 'Lilyan Sauer V', 'Quas harum deleniti mollitia aut aperiam culpa id. Blanditiis hic dignissimos nostrum officiis. Fuga consequuntur quia velit et voluptas. Fugiat est eos repellendus officiis excepturi tenetur.', 4, '2018-03-23 16:14:02', '2018-03-23 16:14:02'),
(277, 24, 'Karson Lynch V', 'Officia esse temporibus delectus delectus dolorum. Nihil illum fuga ex aut ab sint magnam. Quod fugiat est quo dolor qui. Enim enim laborum temporibus. Enim amet unde quas quisquam adipisci possimus.', 0, '2018-03-23 16:14:02', '2018-03-23 16:14:02'),
(278, 37, 'Dr. Osvaldo McGlynn II', 'Ipsa rerum id alias nihil est ullam. Maxime delectus rerum numquam excepturi. Reiciendis ut nisi nam consequatur ipsam ut sunt. Perferendis sunt cumque voluptas voluptas mollitia alias. Voluptate ut id inventore non doloribus nemo velit.', 0, '2018-03-23 16:14:02', '2018-03-23 16:14:02'),
(279, 19, 'Miss Lilian Huel PhD', 'Dolore sit eum quam est voluptas rem. Qui et ut iure ullam repellat excepturi totam. Sed voluptatibus eligendi eos est. Quidem fugit ipsa eligendi quae quis voluptatibus consequatur.', 1, '2018-03-23 16:14:02', '2018-03-23 16:14:02'),
(280, 30, 'Dangelo Smith', 'Minima aut quo facilis voluptatem hic temporibus sint. Totam odit eligendi voluptas facere vel ipsa eos. Maiores sed corrupti neque molestias incidunt. Iure quo et fugiat.', 5, '2018-03-23 16:14:02', '2018-03-23 16:14:02'),
(281, 2, 'Franz Ritchie', 'Laborum rerum est eveniet id ut natus dicta nihil. Aliquam et eveniet odit dolore eos voluptatem sit.', 5, '2018-03-23 16:14:02', '2018-03-23 16:14:02'),
(282, 42, 'Ms. Alexandria Parker MD', 'Est deleniti illo eligendi. Sunt eos quam corrupti. Ea qui quis rerum tenetur aut quia. Rerum ut magnam amet aperiam fugiat cumque autem et. Suscipit aut ea minus.', 5, '2018-03-23 16:14:02', '2018-03-23 16:14:02'),
(283, 8, 'Prof. Dion Dare III', 'Nisi quo deleniti minus non autem eaque accusantium odio. Sed saepe in non non. Omnis facilis laudantium tempore vero. Commodi atque doloremque sit provident.', 0, '2018-03-23 16:14:02', '2018-03-23 16:14:02'),
(284, 42, 'Felicia Ziemann', 'Recusandae dolorem nihil et qui. Aperiam adipisci animi earum quas fugiat ea. Eius voluptatem aspernatur nobis illum eaque aliquid ut. Repellat excepturi accusamus autem ut at corporis.', 1, '2018-03-23 16:14:02', '2018-03-23 16:14:02'),
(285, 46, 'Toney Purdy', 'Est qui eum et vel aliquam iste. Non quam ea molestias possimus quo quibusdam. Magni magni hic repellendus voluptates numquam eius commodi.', 5, '2018-03-23 16:14:03', '2018-03-23 16:14:03'),
(286, 28, 'Mariah Herzog IV', 'Et et consequuntur sunt est fuga delectus quasi. Culpa explicabo ex perspiciatis qui eos earum cumque deserunt.', 5, '2018-03-23 16:14:03', '2018-03-23 16:14:03'),
(287, 36, 'Cortez Daugherty', 'Tempore autem architecto unde accusamus cumque. Molestiae et delectus in harum. Unde dolore sint est sint ea ut. Aut iure rem aut illum nihil est dolorum aut.', 3, '2018-03-23 16:14:03', '2018-03-23 16:14:03'),
(288, 2, 'Noelia Lehner Sr.', 'Illo quas ad sunt ab quisquam repudiandae. Dolore debitis delectus dolorem. Et occaecati cumque illum nesciunt voluptas.', 5, '2018-03-23 16:14:03', '2018-03-23 16:14:03'),
(289, 49, 'Jerel Bartell', 'Aut quis minima ducimus quia ratione. Voluptatibus sit voluptas voluptas non. Sequi ducimus molestiae quis ex accusamus ipsa labore molestias.', 1, '2018-03-23 16:14:03', '2018-03-23 16:14:03'),
(290, 28, 'Victor Ferry', 'Magnam dolor facilis accusamus qui ut ea. Vel ipsa deserunt molestiae et eum. Eos fugiat quo ut veritatis. Et accusantium debitis voluptatem dicta in non quibusdam.', 1, '2018-03-23 16:14:03', '2018-03-23 16:14:03'),
(291, 35, 'Dr. Luis Keeling', 'Sit ea inventore voluptatem aut modi architecto. Quaerat aut repellendus aut et repellat et iure exercitationem. Ex voluptas dolores perferendis. Illum quisquam consequatur tenetur et.', 0, '2018-03-23 16:14:03', '2018-03-23 16:14:03'),
(292, 43, 'Daphne Stroman', 'Harum natus sunt nam blanditiis quidem aliquam. Impedit officia asperiores ipsam at. Commodi deleniti numquam nobis cum ex. Totam qui et explicabo quasi.', 5, '2018-03-23 16:14:03', '2018-03-23 16:14:03'),
(293, 3, 'Ashlynn Abbott', 'Fuga non dicta ea veritatis praesentium dolorem commodi. Facere asperiores aliquam a. Modi hic consequatur expedita consequuntur odit necessitatibus delectus. Ea aliquam perferendis expedita ipsam fugiat et sit et.', 0, '2018-03-23 16:14:03', '2018-03-23 16:14:03'),
(294, 11, 'Ms. Henriette Buckridge V', 'Aut iusto odio incidunt ducimus voluptas voluptatem. Natus sed cumque quidem illum explicabo. Voluptas voluptatem voluptatem minima. Numquam ut eum explicabo fugit rerum nesciunt. Doloremque eos quidem nam ad eum.', 4, '2018-03-23 16:14:03', '2018-03-23 16:14:03'),
(295, 46, 'Jaida Fritsch Jr.', 'A enim asperiores aut quaerat quia necessitatibus. Veniam et et voluptatum ullam eius et quo. Aut rerum aperiam consequatur eius magnam veritatis velit vel. Qui rerum non sint a ullam ut quia.', 4, '2018-03-23 16:14:03', '2018-03-23 16:14:03'),
(296, 16, 'Ruby Reynolds', 'Delectus eaque rerum nisi rerum dolor. Eos sunt numquam et est. Tempora sequi est sed. Et optio ipsam itaque nam quia quo.', 2, '2018-03-23 16:14:03', '2018-03-23 16:14:03'),
(297, 10, 'Wellington Towne', 'Dicta et voluptate eveniet mollitia. Eos quidem molestiae et quia id quisquam veritatis. Illo et velit et et eos qui. Et magnam magni ea. Ducimus omnis accusantium dolorem ad maiores.', 2, '2018-03-23 16:14:03', '2018-03-23 16:14:03'),
(298, 48, 'Dr. Jaiden Johns II', 'Quidem adipisci quasi neque nesciunt ut. Dignissimos ducimus eum quo est. Velit velit enim aut magni est numquam sint. Vero et accusamus pariatur nemo eos.', 5, '2018-03-23 16:14:03', '2018-03-23 16:14:03'),
(299, 39, 'Geo Bahringer Sr.', 'Nesciunt ut est officia cum ut. Commodi voluptatem voluptate hic harum quaerat.', 0, '2018-03-23 16:14:03', '2018-03-23 16:14:03'),
(300, 24, 'Prof. Sylvia Lehner I', 'Et recusandae et rem aliquam. Est velit vel consequatur repellat quae qui ex. Neque ex dolor nemo.', 0, '2018-03-23 16:14:03', '2018-03-23 16:14:03');

-- --------------------------------------------------------

--
-- Table structure for table `users`
--

CREATE TABLE `users` (
  `id` int(10) UNSIGNED NOT NULL,
  `name` varchar(191) COLLATE utf8mb4_unicode_ci NOT NULL,
  `email` varchar(191) COLLATE utf8mb4_unicode_ci NOT NULL,
  `password` varchar(191) COLLATE utf8mb4_unicode_ci NOT NULL,
  `remember_token` varchar(100) COLLATE utf8mb4_unicode_ci DEFAULT NULL,
  `created_at` timestamp NULL DEFAULT NULL,
  `updated_at` timestamp NULL DEFAULT NULL
) ENGINE=InnoDB DEFAULT CHARSET=utf8mb4 COLLATE=utf8mb4_unicode_ci;

--
-- Indexes for dumped tables
--

--
-- Indexes for table `migrations`
--
ALTER TABLE `migrations`
  ADD PRIMARY KEY (`id`);

--
-- Indexes for table `password_resets`
--
ALTER TABLE `password_resets`
  ADD KEY `password_resets_email_index` (`email`);

--
-- Indexes for table `products`
--
ALTER TABLE `products`
  ADD PRIMARY KEY (`id`);

--
-- Indexes for table `reviews`
--
ALTER TABLE `reviews`
  ADD PRIMARY KEY (`id`),
  ADD KEY `reviews_product_id_index` (`product_id`);

--
-- Indexes for table `users`
--
ALTER TABLE `users`
  ADD PRIMARY KEY (`id`),
  ADD UNIQUE KEY `users_email_unique` (`email`);

--
-- AUTO_INCREMENT for dumped tables
--

--
-- AUTO_INCREMENT for table `migrations`
--
ALTER TABLE `migrations`
  MODIFY `id` int(10) UNSIGNED NOT NULL AUTO_INCREMENT, AUTO_INCREMENT=9;

--
-- AUTO_INCREMENT for table `products`
--
ALTER TABLE `products`
  MODIFY `id` int(10) UNSIGNED NOT NULL AUTO_INCREMENT, AUTO_INCREMENT=51;

--
-- AUTO_INCREMENT for table `reviews`
--
ALTER TABLE `reviews`
  MODIFY `id` int(10) UNSIGNED NOT NULL AUTO_INCREMENT, AUTO_INCREMENT=301;

--
-- AUTO_INCREMENT for table `users`
--
ALTER TABLE `users`
  MODIFY `id` int(10) UNSIGNED NOT NULL AUTO_INCREMENT;

--
-- Constraints for dumped tables
--

--
-- Constraints for table `reviews`
--
ALTER TABLE `reviews`
  ADD CONSTRAINT `reviews_product_id_foreign` FOREIGN KEY (`product_id`) REFERENCES `products` (`id`) ON DELETE CASCADE;
COMMIT;

/*!40101 SET CHARACTER_SET_CLIENT=@OLD_CHARACTER_SET_CLIENT */;
/*!40101 SET CHARACTER_SET_RESULTS=@OLD_CHARACTER_SET_RESULTS */;
/*!40101 SET COLLATION_CONNECTION=@OLD_COLLATION_CONNECTION */;
